DATE,PLANT,NAME,ACTUAL_KWH,EXPECTED_KWH,IRRADIATION,PR,LOSS_KWH,STATUS
2020-05-15,1,P1-INV01,5718.843898725,6220.215958507748,0.4292364614569264,0.9193963580803023,501.3720597827478,Normal
2020-05-15,1,P1-INV02,6287.023660675,6220.215958507748,0.4292364614569264,1.010740415222381,0.0,Normal
2020-05-15,1,P1-INV03,6185.82455355,6220.215958507748,0.4292364614569264,0.9944710271818282,34.39140495774791,Normal
2020-05-15,1,P1-INV04,6085.261607125,6220.215958507748,0.4292364614569264,0.9783039122302236,134.95435138274752,Normal
2020-05-15,1,P1-INV05,6412.08258925,6220.215958507748,0.4292364614569264,1.0308456542380695,0.0,Normal
2020-05-15,1,P1-INV06,6193.8263392,6220.215958507748,0.4292364614569264,0.9957574432328746,26.389619307748035,Normal
2020-05-15,1,P1-INV07,6117.0263392,6220.215958507748,0.4292364614569264,0.9834106050342818,103.18961930774822,Normal
2020-05-15,1,P1-INV08,6294.28839285,6220.215958507748,0.4292364614569264,1.0119083380442666,0.0,Normal
2020-05-15,1,P1-INV09,6235.716071275,6220.215958507748,0.4292364614569264,1.0024918930260052,0.0,Normal
2020-05-15,1,P1-INV10,6221.688839225,6220.215958507748,0.4292364614569264,1.0002367893216373,0.0,Normal
2020-05-15,1,P1-INV11,6315.931696375,6220.215958507748,0.4292364614569264,1.0153878480274203,0.0,Normal
2020-05-15,1,P1-INV12,5712.68258925,6220.215958507748,0.4292364614569264,0.9184058282472387,507.53336925774784,Normal
2020-05-15,1,P1-INV13,6415.49821425,6220.215958507748,0.4292364614569264,1.0313947710248152,0.0,Normal
2020-05-15,1,P1-INV14,6139.911577475,6220.215958507748,0.4292364614569264,0.987089776051439,80.3043810327481,Normal
2020-05-15,1,P1-INV15,6318.903124925,6220.215958507748,0.4292364614569264,1.0158655530733256,0.0,Normal
2020-05-15,1,P1-INV16,6409.4678572,6220.215958507748,0.4292364614569264,1.0304252939053349,0.0,Normal
2020-05-15,1,P1-INV17,6300.0084824,6220.215958507748,0.4292364614569264,1.0128279346608722,0.0,Normal
2020-05-15,1,P1-INV18,6308.0062497750005,6220.215958507748,0.4292364614569264,1.0141137047094284,0.0,Normal
2020-05-15,1,P1-INV19,6324.8075892,6220.215958507748,0.4292364614569264,1.016814790899534,0.0,Normal
2020-05-15,1,P1-INV20,6397.6941965,6220.215958507748,0.4292364614569264,1.0285324881284073,0.0,Normal
2020-05-15,1,P1-INV21,6392.637500075,6220.215958507748,0.4292364614569264,1.02771954265212,0.0,Normal
2020-05-15,1,P1-INV22,5893.859374975,6220.215958507748,0.4292364614569264,0.947532917553068,326.3565835327481,Normal
2020-05-15,2,P2-INV01,4141.500714285714,9305.128344315532,0.6459194214388192,0.4450772263464524,5163.627630029818,Critical
2020-05-15,2,P2-INV02,3181.2891666666665,9305.128344315532,0.6459194214388192,0.3418855763134212,6123.839177648865,Critical
2020-05-15,2,P2-INV03,9198.421547619047,9305.128344315532,0.6459194214388192,0.9885324744863223,106.70679669648416,Normal
2020-05-15,2,P2-INV04,4119.475595238096,9305.128344315532,0.6459194214388192,0.44271023921498814,5185.652749077436,Critical
2020-05-15,2,P2-INV05,9613.06380952381,9305.128344315532,0.6459194214388192,1.0330930916601913,0.0,Normal
2020-05-15,2,P2-INV06,8436.079523809523,9305.128344315532,0.6459194214388192,0.9066053913123179,869.0488205060083,Normal
2020-05-15,2,P2-INV07,9189.469285714285,9305.128344315532,0.6459194214388192,0.9875703962028743,115.65905860124622,Normal
2020-05-15,2,P2-INV08,7764.308571428572,9305.128344315532,0.6459194214388192,0.8344117656552001,1540.81977288696,Warning
2020-05-15,2,P2-INV09,9422.985476190475,9305.128344315532,0.6459194214388192,1.012665825501154,0.0,Normal
2020-05-15,2,P2-INV10,9072.130833333333,9305.128344315532,0.6459194214388192,0.9749603119526518,232.99751098219895,Normal
2020-05-15,2,P2-INV11,6368.644642857143,9305.128344315532,0.6459194214388192,0.6844230844755327,2936.483701458389,Critical
2020-05-15,2,P2-INV12,4216.58119047619,9305.128344315532,0.6459194214388192,0.4531459464556536,5088.547153839341,Critical
2020-05-15,2,P2-INV13,9309.117857142857,9305.128344315532,0.6459194214388192,1.0004287434498162,0.0,Normal
2020-05-15,2,P2-INV14,9578.428928571428,9305.128344315532,0.6459194214388192,1.0293709634239332,0.0,Normal
2020-05-15,2,P2-INV15,9398.285833333333,9305.128344315532,0.6459194214388192,1.0100114136603726,0.0,Normal
2020-05-15,2,P2-INV16,7045.545238095237,9305.128344315532,0.6459194214388192,0.7571679806436346,2259.583106220294,Warning
2020-05-15,2,P2-INV17,5360.2336904761905,9305.128344315532,0.6459194214388192,0.5760515591115664,3944.894653839341,Critical
2020-05-15,2,P2-INV18,9029.685952380953,9305.128344315532,0.6459194214388192,0.9703988616016408,275.44239193457906,Normal
2020-05-15,2,P2-INV19,5463.237619047619,9305.128344315532,0.6459194214388192,0.5871211461994601,3841.890725267913,Critical
2020-05-15,2,P2-INV20,9523.690952380952,9305.128344315532,0.6459194214388192,1.0234884033812321,0.0,Normal
2020-05-15,2,P2-INV21,9407.485238095238,9305.128344315532,0.6459194214388192,1.0110000517985585,0.0,Normal
2020-05-15,2,P2-INV22,3057.491666666667,9305.128344315532,0.6459194214388192,0.32858135358600155,6247.636677648865,Critical
2020-05-16,1,P1-INV01,6244.76071435,6416.457281357463,0.41192897231111103,0.9732412202748837,171.69656700746327,Normal
2020-05-16,1,P1-INV02,6558.9366073,6416.457281357463,0.41192897231111103,1.0222052948683225,0.0,Normal
2020-05-16,1,P1-INV03,6627.441517775,6416.457281357463,0.41192897231111103,1.0328817332004274,0.0,Normal
2020-05-16,1,P1-INV04,6399.5133928325,6416.457281357463,0.41192897231111103,0.9973593078264243,16.94388852496286,Normal
2020-05-16,1,P1-INV05,6515.4120537075,6416.457281357463,0.41192897231111103,1.0154220262071318,0.0,Normal
2020-05-16,1,P1-INV06,6660.6098213675,6416.457281357463,0.41192897231111103,1.0380509881550064,0.0,Normal
2020-05-16,1,P1-INV07,6575.884374925,6416.457281357463,0.41192897231111103,1.0248465915966962,0.0,Normal
2020-05-16,1,P1-INV08,6430.812053485,6416.457281357463,0.41192897231111103,1.0022371803470498,0.0,Normal
2020-05-16,1,P1-INV09,6654.40446425,6416.457281357463,0.41192897231111103,1.0370838879554103,0.0,Normal
2020-05-16,1,P1-INV10,6353.900446465,6416.457281357463,0.41192897231111103,0.9902505647354315,62.556834892463485,Normal
2020-05-16,1,P1-INV11,6675.625892825,6416.457281357463,0.41192897231111103,1.0403912315009922,0.0,Normal
2020-05-16,1,P1-INV12,6107.5973216525,6416.457281357463,0.41192897231111103,0.9518644095703196,308.85995970496333,Normal
2020-05-16,1,P1-INV13,6404.0214285600005,6416.457281357463,0.41192897231111103,0.9980618817749174,12.435852797462758,Normal
2020-05-16,1,P1-INV14,6437.841071375,6416.457281357463,0.41192897231111103,1.0033326474532396,0.0,Normal
2020-05-16,1,P1-INV15,6139.573214285,6416.457281357463,0.41192897231111103,0.9568478281813035,276.88406707246304,Normal
2020-05-16,1,P1-INV16,6184.6026785775,6416.457281357463,0.41192897231111103,0.9638656360335166,231.854602779963,Normal
2020-05-16,1,P1-INV17,6361.7749998399995,6416.457281357463,0.41192897231111103,0.9914778079055652,54.68228151746371,Normal
2020-05-16,1,P1-INV18,6239.7004464,6416.457281357463,0.41192897231111103,0.972452581353418,176.75683495746307,Normal
2020-05-16,1,P1-INV19,6475.1874999500005,6416.457281357463,0.41192897231111103,1.009153060016962,0.0,Normal
2020-05-16,1,P1-INV20,6450.9383927825,6416.457281357463,0.41192897231111103,1.0053738550594296,0.0,Normal
2020-05-16,1,P1-INV21,6334.559374965,6416.457281357463,0.41192897231111103,0.9872362734136154,81.89790639246348,Normal
2020-05-16,1,P1-INV22,6397.3446428325,6416.457281357463,0.41192897231111103,0.997021309784062,19.112638524963586,Normal
2020-05-16,2,P2-INV01,5666.277380952381,7657.195877253971,0.5484673539149425,0.739993787776058,1990.9184963015905,Critical
2020-05-16,2,P2-INV02,4688.081428571429,7657.195877253971,0.5484673539149425,0.612245200948506,2969.1144486825424,Critical
2020-05-16,2,P2-INV03,7644.190476190476,7657.195877253971,0.5484673539149425,0.9983015452037569,13.0054010634949,Normal
2020-05-16,2,P2-INV04,6481.398809523809,7657.195877253971,0.5484673539149425,0.8464454760491478,1175.7970677301619,Warning
2020-05-16,2,P2-INV05,7890.977023809523,7657.195877253971,0.5484673539149425,1.0305309084817864,0.0,Normal
2020-05-16,2,P2-INV06,3155.0817857142856,7657.195877253971,0.5484673539149425,0.4120414099744518,4502.114091539685,Critical
2020-05-16,2,P2-INV07,7488.750952380952,7657.195877253971,0.5484673539149425,0.978001747954053,168.44492487301886,Normal
2020-05-16,2,P2-INV08,5782.823571428571,7657.195877253971,0.5484673539149425,0.7552142669624917,1874.3723058254,Warning
2020-05-16,2,P2-INV09,7705.025833333333,7657.195877253971,0.5484673539149425,1.006246406236184,0.0,Normal
2020-05-16,2,P2-INV10,2948.5239285714288,7657.195877253971,0.5484673539149425,0.3850657572088688,4708.671948682542,Critical
2020-05-16,2,P2-INV11,7993.987976190477,7657.195877253971,0.5484673539149425,1.0439837382163568,0.0,Normal
2020-05-16,2,P2-INV12,6320.813928571429,7657.195877253971,0.5484673539149425,0.8254737151687184,1336.3819486825423,Warning
2020-05-16,2,P2-INV13,7696.394642857143,7657.195877253971,0.5484673539149425,1.0051192063297758,0.0,Normal
2020-05-16,2,P2-INV14,7984.060952380953,7657.195877253971,0.5484673539149425,1.042687307516574,0.0,Normal
2020-05-16,2,P2-INV15,7815.416904761905,7657.195877253971,0.5484673539149425,1.020663050814455,0.0,Normal
2020-05-16,2,P2-INV16,8032.879166666667,7657.195877253971,0.5484673539149425,1.0490627764308182,0.0,Normal
2020-05-16,2,P2-INV17,6238.8925,7657.195877253971,0.5484673539149425,0.814775095218982,1418.3033772539711,Warning
2020-05-16,2,P2-INV18,3515.3909523809525,7657.195877253971,0.5484673539149425,0.4590963857700927,4141.8049248730185,Critical
2020-05-16,2,P2-INV19,7338.316547619048,7657.195877253971,0.5484673539149425,0.9583555997852728,318.8793296349231,Normal
2020-05-16,2,P2-INV20,4857.756428571429,7657.195877253971,0.5484673539149425,0.6344040960218352,2799.439448682542,Critical
2020-05-16,2,P2-INV21,7678.127976190476,7657.195877253971,0.5484673539149425,1.0027336507086995,0.0,Normal
2020-05-16,2,P2-INV22,2945.5409523809526,7657.195877253971,0.5484673539149425,0.38467619212025234,4711.654924873019,Critical
2020-05-17,1,P1-INV01,7021.524107075,7479.467952493839,0.5076644229553439,0.9387732057510656,457.9438454188394,Normal
2020-05-17,1,P1-INV02,7714.5299108849995,7479.467952493839,0.5076644229553439,1.0314276309336663,0.0,Normal
2020-05-17,1,P1-INV03,7831.0883927675,7479.467952493839,0.5076644229553439,1.0470114241423312,0.0,Normal
2020-05-17,1,P1-INV04,7482.45565487,7479.467952493839,0.5076644229553439,1.0003994538642504,0.0,Normal
2020-05-17,1,P1-INV05,7552.3386902675,7479.467952493839,0.5076644229553439,1.009742770239341,0.0,Normal
2020-05-17,1,P1-INV06,7709.1104166825,7479.467952493839,0.5076644229553439,1.0307030480840675,0.0,Normal
2020-05-17,1,P1-INV07,7688.7142858225,7479.467952493839,0.5076644229553439,1.0279760986553719,0.0,Normal
2020-05-17,1,P1-INV08,7456.08869035,7479.467952493839,0.5076644229553439,0.9968742078591241,23.379262143838787,Normal
2020-05-17,1,P1-INV09,7608.4245535325,7479.467952493839,0.5076644229553439,1.0172414136751082,0.0,Normal
2020-05-17,1,P1-INV10,7471.331696525,7479.467952493839,0.5076644229553439,0.9989121878694424,8.136255968839578,Normal
2020-05-17,1,P1-INV11,7837.2950890325,7479.467952493839,0.5076644229553439,1.0478412553956264,0.0,Normal
2020-05-17,1,P1-INV12,6907.93392855,7479.467952493839,0.5076644229553439,0.9235862727704749,571.5340239438392,Normal
2020-05-17,1,P1-INV13,7495.2910714275,7479.467952493839,0.5076644229553439,1.0021155407087994,0.0,Normal
2020-05-17,1,P1-INV14,7426.5674105975,7479.467952493839,0.5076644229553439,0.992927231959233,52.90054189633884,Normal
2020-05-17,1,P1-INV15,7367.0058037075,7479.467952493839,0.5076644229553439,0.9849638838617067,112.46214878633964,Normal
2020-05-17,1,P1-INV16,7417.5514881525,7479.467952493839,0.5076644229553439,0.9917218089930186,61.91646434133963,Normal
2020-05-17,1,P1-INV17,7418.2008932225,7479.467952493839,0.5076644229553439,0.9918086340284523,61.26705927133935,Normal
2020-05-17,1,P1-INV18,7404.2370534675,7479.467952493839,0.5076644229553439,0.9899416777364151,75.2308990263391,Normal
2020-05-17,1,P1-INV19,7441.16636889,7479.467952493839,0.5076644229553439,0.9948791031866019,38.30158360383939,Normal
2020-05-17,1,P1-INV20,7413.8470237925,7479.467952493839,0.5076644229553439,0.9912265245177687,65.62092870133893,Normal
2020-05-17,1,P1-INV21,7516.2955356175,7479.467952493839,0.5076644229553439,1.004923823908007,0.0,Normal
2020-05-17,1,P1-INV22,7518.2336310175,7479.467952493839,0.5076644229553439,1.0051829460022934,0.0,Normal
2020-05-17,2,P2-INV01,6302.693452380952,6983.839468426724,0.47883578514092934,0.9024682598840984,681.1460160457718,Normal
2020-05-17,2,P2-INV02,5715.639880952381,6983.839468426724,0.47883578514092934,0.8184094017040693,1268.1995874743434,Warning
2020-05-17,2,P2-INV03,6632.412380952381,6983.839468426724,0.47883578514092934,0.9496799591309176,351.42708747434335,Normal
2020-05-17,2,P2-INV04,4567.012857142857,6983.839468426724,0.47883578514092934,0.6539401253121422,2416.8266112838674,Critical
2020-05-17,2,P2-INV05,7140.556245421245,6983.839468426724,0.47883578514092934,1.022439916854192,0.0,Normal
2020-05-17,2,P2-INV06,5460.510073260073,6983.839468426724,0.47883578514092934,0.7818779480751986,1523.329395166651,Warning
2020-05-17,2,P2-INV07,6656.622573260073,6983.839468426724,0.47883578514092934,0.9531465611937434,327.21689516665083,Normal
2020-05-17,2,P2-INV08,6425.727976190476,6983.839468426724,0.47883578514092934,0.9200852919430039,558.1114922362485,Normal
2020-05-17,2,P2-INV09,6993.8463003663,6983.839468426724,0.47883578514092934,1.0014328553777354,0.0,Normal
2020-05-17,2,P2-INV10,6917.986904761905,6983.839468426724,0.47883578514092934,0.9905707220272556,65.85256366481917,Normal
2020-05-17,2,P2-INV11,7182.524523809524,6983.839468426724,0.47883578514092934,1.0284492586464846,0.0,Normal
2020-05-17,2,P2-INV12,3505.0,6983.839468426724,0.47883578514092934,0.5018729333407179,3478.839468426724,Critical
2020-05-17,2,P2-INV13,5683.5725,6983.839468426724,0.47883578514092934,0.8138177467702247,1300.266968426724,Warning
2020-05-17,2,P2-INV14,7217.179404761904,6983.839468426724,0.47883578514092934,1.033411411787182,0.0,Normal
2020-05-17,2,P2-INV15,6997.540521978022,6983.839468426724,0.47883578514092934,1.0019618225208697,0.0,Normal
2020-05-17,2,P2-INV16,5496.812023809523,6983.839468426724,0.47883578514092934,0.787075941344312,1487.0274446172007,Warning
2020-05-17,2,P2-INV17,6953.780119047618,6983.839468426724,0.47883578514092934,0.9956958705143494,30.059349379105697,Normal
2020-05-17,2,P2-INV18,5659.909468864469,6983.839468426724,0.47883578514092934,0.81042949146417,1323.929999562255,Warning
2020-05-17,2,P2-INV19,4911.399798534799,6983.839468426724,0.47883578514092934,0.7032521037659545,2072.4396698919254,Critical
2020-05-17,2,P2-INV20,5304.49988095238,6983.839468426724,0.47883578514092934,0.7595392054662082,1679.3395874743437,Warning
2020-05-17,2,P2-INV21,7043.3514377289375,6983.839468426724,0.47883578514092934,1.0085213827682125,0.0,Normal
2020-05-17,2,P2-INV22,6157.057738095238,6983.839468426724,0.47883578514092934,0.8816150150545,826.781730331486,Warning
2020-05-18,1,P1-INV01,4973.43482135,5326.653369397683,0.33005192438240166,0.9336884674949999,353.2185480476828,Normal
2020-05-18,1,P1-INV02,5404.9285715475,5326.653369397683,0.33005192438240166,1.0146950057984847,0.0,Normal
2020-05-18,1,P1-INV03,5408.2245535775,5326.653369397683,0.33005192438240166,1.015313777436402,0.0,Normal
2020-05-18,1,P1-INV04,5268.7379464575,5326.653369397683,0.33005192438240166,0.989127240140514,57.91542294018291,Normal
2020-05-18,1,P1-INV05,5436.51964291,5326.653369397683,0.33005192438240166,1.020625759908372,0.0,Normal
2020-05-18,1,P1-INV06,5423.3147320524995,5326.653369397683,0.33005192438240166,1.0181467341596038,0.0,Normal
2020-05-18,1,P1-INV07,5318.1830356,5326.653369397683,0.33005192438240166,0.9984098207241444,8.470333797682542,Normal
2020-05-18,1,P1-INV08,5326.97232145,5326.653369397683,0.33005192438240166,1.000059878507235,0.0,Normal
2020-05-18,1,P1-INV09,5412.7915177975,5326.653369397683,0.33005192438240166,1.0161711570898704,0.0,Normal
2020-05-18,1,P1-INV10,5304.7718749175,5326.653369397683,0.33005192438240166,0.9958920746362258,21.881494480182482,Normal
2020-05-18,1,P1-INV11,5452.73616071,5326.653369397683,0.33005192438240166,1.0236701700990494,0.0,Normal
2020-05-18,1,P1-INV12,4945.2973214,5326.653369397683,0.33005192438240166,0.9284060700873418,381.35604799768225,Normal
2020-05-18,1,P1-INV13,5364.1933036425,5326.653369397683,0.33005192438240166,1.0070475646980315,0.0,Normal
2020-05-18,1,P1-INV14,5281.6500001,5326.653369397683,0.33005192438240166,0.991551286299906,45.003369297682184,Normal
2020-05-18,1,P1-INV15,5331.5196429275,5326.653369397683,0.33005192438240166,1.0009135705277492,0.0,Normal
2020-05-18,1,P1-INV16,5344.0745534475,5326.653369397683,0.33005192438240166,1.0032705683741134,0.0,Normal
2020-05-18,1,P1-INV17,5331.58526785,5326.653369397683,0.33005192438240166,1.0009258906315646,0.0,Normal
2020-05-18,1,P1-INV18,5399.7982142725,5326.653369397683,0.33005192438240166,1.013731857472657,0.0,Normal
2020-05-18,1,P1-INV19,5372.93928576,5326.653369397683,0.33005192438240166,1.008689492848969,0.0,Normal
2020-05-18,1,P1-INV20,5333.913392915,5326.653369397683,0.33005192438240166,1.0013629615095714,0.0,Normal
2020-05-18,1,P1-INV21,5380.676785642499,5326.653369397683,0.33005192438240166,1.010142093449367,0.0,Normal
2020-05-18,1,P1-INV22,5369.4044644450005,5326.653369397683,0.33005192438240166,1.0080258826851638,0.0,Normal
2020-05-18,2,P2-INV01,7582.05869047619,7509.203179929771,0.5337370588666379,1.0097021626397251,0.0,Normal
2020-05-18,2,P2-INV02,3406.599166666667,7509.203179929771,0.5337370588666379,0.45365654451482385,4102.604013263104,Critical
2020-05-18,2,P2-INV03,7491.193333333334,7509.203179929771,0.5337370588666379,0.9976016301377257,18.009846596437455,Normal
2020-05-18,2,P2-INV04,2279.422380952381,7509.203179929771,0.5337370588666379,0.30355050014423757,5229.78079897739,Critical
2020-05-18,2,P2-INV05,7754.85619047619,7509.203179929771,0.5337370588666379,1.0327135921961719,0.0,Normal
2020-05-18,2,P2-INV06,3489.950238095238,7509.203179929771,0.5337370588666379,0.46475640017612063,4019.252941834533,Critical
2020-05-18,2,P2-INV07,4693.976904761905,7509.203179929771,0.5337370588666379,0.6250965371809003,2815.2262751678663,Critical
2020-05-18,2,P2-INV08,7582.681428571429,7509.203179929771,0.5337370588666379,1.009785092623149,0.0,Normal
2020-05-18,2,P2-INV09,7597.6975,7509.203179929771,0.5337370588666379,1.011784781680532,0.0,Normal
2020-05-18,2,P2-INV10,6501.666904761904,7509.203179929771,0.5337370588666379,0.8658264730589844,1007.5362751678667,Warning
2020-05-18,2,P2-INV11,7748.453333333333,7509.203179929771,0.5337370588666379,1.0318609242113754,0.0,Normal
2020-05-18,2,P2-INV12,2727.6759523809524,7509.203179929771,0.5337370588666379,0.36324439318293456,4781.527227548819,Critical
2020-05-18,2,P2-INV13,4773.403095238095,7509.203179929771,0.5337370588666379,0.6356737167528257,2735.8000846916757,Critical
2020-05-18,2,P2-INV14,7680.2246428571425,7509.203179929771,0.5337370588666379,1.0227749148384304,0.0,Normal
2020-05-18,2,P2-INV15,7642.905833333333,7509.203179929771,0.5337370588666379,1.0178051718937258,0.0,Normal
2020-05-18,2,P2-INV16,7700.2757142857145,7509.203179929771,0.5337370588666379,1.025445114451908,0.0,Normal
2020-05-18,2,P2-INV17,6735.859285714286,7509.203179929771,0.5337370588666379,0.8970138541087235,773.3438942154853,Warning
2020-05-18,2,P2-INV18,4108.023809523809,7509.203179929771,0.5337370588666379,0.5470652093292047,3401.179370405962,Critical
2020-05-18,2,P2-INV19,4181.7246428571425,7509.203179929771,0.5337370588666379,0.5568799435383305,3327.4785370726286,Critical
2020-05-18,2,P2-INV20,5200.423452380953,7509.203179929771,0.5337370588666379,0.6925399843062429,2308.7797275488183,Critical
2020-05-18,2,P2-INV21,7647.198214285714,7509.203179929771,0.5337370588666379,1.0183767879293464,0.0,Normal
2020-05-18,2,P2-INV22,4216.300238095238,7509.203179929771,0.5337370588666379,0.5614843728512178,3292.9029418345335,Critical
2020-05-19,1,P1-INV01,5651.369642925,6077.29820798433,0.44828648159261897,0.9299148156824448,425.92856505932923,Normal
2020-05-19,1,P1-INV02,5774.90223205,5732.425462042898,0.48384454167537416,1.0074099123117013,0.0,Normal
2020-05-19,1,P1-INV03,5642.139583275,5732.425462042898,0.48384454167537416,0.9842499689938015,90.28587876789788,Normal
2020-05-19,1,P1-INV04,6039.2821428,6077.29820798433,0.44828648159261897,0.9937445779549892,38.01606518432982,Normal
2020-05-19,1,P1-INV05,6263.092410725,6077.29820798433,0.44828648159261897,1.0305718423520134,0.0,Normal
2020-05-19,1,P1-INV06,6171.71875,6077.29820798433,0.44828648159261897,1.0155365984660125,0.0,Normal
2020-05-19,1,P1-INV07,5512.7931548,5732.425462042898,0.48384454167537416,0.9616859724217631,219.6323072428986,Normal
2020-05-19,1,P1-INV08,6085.853422675,6077.29820798433,0.44828648159261897,1.001407733238996,0.0,Normal
2020-05-19,1,P1-INV09,6146.6848215,6077.29820798433,0.44828648159261897,1.0114173455277398,0.0,Normal
2020-05-19,1,P1-INV10,6042.777381,6077.29820798433,0.44828648159261897,0.994319708231698,34.52082698432969,Normal
2020-05-19,1,P1-INV11,5796.2946427,5732.425462042898,0.48384454167537416,1.011141737660613,0.0,Normal
2020-05-19,1,P1-INV12,5566.053571425,6077.29820798433,0.44828648159261897,0.9158763287462743,511.2446365593296,Normal
2020-05-19,1,P1-INV13,6203.16145845,6077.29820798433,0.44828648159261897,1.020710395665678,0.0,Normal
2020-05-19,1,P1-INV14,6004.545982025,6077.29820798433,0.44828648159261897,0.9880288536995357,72.75222595932973,Normal
2020-05-19,1,P1-INV15,6154.21145825,6077.29820798433,0.44828648159261897,1.0126558295534391,0.0,Normal
2020-05-19,1,P1-INV16,6156.290029725,6077.29820798433,0.44828648159261897,1.012997851847535,0.0,Normal
2020-05-19,1,P1-INV17,6151.503571475,6077.29820798433,0.44828648159261897,1.0122102554377173,0.0,Normal
2020-05-19,1,P1-INV18,6229.50922615,6077.29820798433,0.44828648159261897,1.0250458366459123,0.0,Normal
2020-05-19,1,P1-INV19,6182.3272322249995,6077.29820798433,0.44828648159261897,1.0172821903165263,0.0,Normal
2020-05-19,1,P1-INV20,6125.88258925,6077.29820798433,0.44828648159261897,1.0079944046849372,0.0,Normal
2020-05-19,1,P1-INV21,6164.43675595,6077.29820798433,0.44828648159261897,1.0143383696148378,0.0,Normal
2020-05-19,1,P1-INV22,6233.1127975,6077.29820798433,0.44828648159261897,1.025638792796273,0.0,Normal
2020-05-19,2,P2-INV01,1907.4099999999999,6633.104858316135,0.5301318854434058,0.2875591507661181,4725.694858316135,Critical
2020-05-19,2,P2-INV02,6753.730714285714,6633.104858316135,0.5301318854434058,1.0181854287767436,0.0,Normal
2020-05-19,2,P2-INV03,6349.96238095238,6633.104858316135,0.5301318854434058,0.9573137341544103,283.14247736375455,Normal
2020-05-19,2,P2-INV04,2536.0284523809523,6633.104858316135,0.5301318854434058,0.3823290158305658,4097.076405935182,Critical
2020-05-19,2,P2-INV05,6754.219642857142,6633.104858316135,0.5301318854434058,1.0182591391404228,0.0,Normal
2020-05-19,2,P2-INV06,2401.944285714286,6633.104858316135,0.5301318854434058,0.3621146261095046,4231.160572601849,Critical
2020-05-19,2,P2-INV07,6495.986904761904,6633.104858316135,0.5301318854434058,0.9793282397183393,137.11795355423055,Normal
2020-05-19,2,P2-INV08,6738.929166666667,6633.104858316135,0.5301318854434058,1.0159539628290146,0.0,Normal
2020-05-19,2,P2-INV09,6591.556309523809,6633.104858316135,0.5301318854434058,0.9937361839319886,41.548548792325164,Normal
2020-05-19,2,P2-INV10,1864.7438095238097,6633.104858316135,0.5301318854434058,0.2811268401985114,4768.361048792325,Critical
2020-05-19,2,P2-INV11,1828.8514285714284,6633.104858316135,0.5301318854434058,0.2757157421201535,4804.253429744706,Critical
2020-05-19,2,P2-INV12,2171.165357142857,6633.104858316135,0.5301318854434058,0.32732263450061366,4461.939501173278,Critical
2020-05-19,2,P2-INV13,6622.703333333334,6633.104858316135,0.5301318854434058,0.9984318768955145,10.401524982800765,Normal
2020-05-19,2,P2-INV14,6757.733333333334,6633.104858316135,0.5301318854434058,1.0187888594676666,0.0,Normal
2020-05-19,2,P2-INV15,6597.121309523809,6633.104858316135,0.5301318854434058,0.9945751575527693,35.983548792325564,Normal
2020-05-19,2,P2-INV16,6845.655238095238,6633.104858316135,0.5301318854434058,1.032043874523199,0.0,Normal
2020-05-19,2,P2-INV17,1911.7035714285712,6633.104858316135,0.5301318854434058,0.28820644513584126,4721.401286887563,Critical
2020-05-19,2,P2-INV18,2772.2190476190476,6633.104858316135,0.5301318854434058,0.41793686468613994,3860.885810697087,Critical
2020-05-19,2,P2-INV19,3767.2188095238093,6633.104858316135,0.5301318854434058,0.5679419954895975,2865.8860487923253,Critical
2020-05-19,2,P2-INV20,6649.415952380952,6633.104858316135,0.5301318854434058,1.0024590436022383,0.0,Normal
2020-05-19,2,P2-INV21,6668.787619047619,6633.104858316135,0.5301318854434058,1.005379495951545,0.0,Normal
2020-05-19,2,P2-INV22,6118.798928571428,6633.104858316135,0.5301318854434058,0.9224637721353215,514.3059297447062,Normal
2020-05-20,1,P1-INV01,5607.5208330475,5939.980007949349,0.5862330376941489,0.9440302535602938,332.4591749018491,Normal
2020-05-20,1,P1-INV02,6116.4371429,5939.980007949349,0.5862330376941489,1.0297066883582946,0.0,Normal
2020-05-20,1,P1-INV03,6102.0141962,5939.980007949349,0.5862330376941489,1.0272785746810265,0.0,Normal
2020-05-20,1,P1-INV04,5931.9177080425,5939.980007949349,0.5862330376941489,0.998642705885195,8.062299906849148,Normal
2020-05-20,1,P1-INV05,6062.465029835,5939.980007949349,0.5862330376941489,1.0206204434563302,0.0,Normal
2020-05-20,1,P1-INV06,6090.38943441,5939.980007949349,0.5862330376941489,1.0253215374899176,0.0,Normal
2020-05-20,1,P1-INV07,5976.3001784,5939.980007949349,0.5862330376941489,1.0061145273893253,0.0,Normal
2020-05-20,1,P1-INV08,5954.116368975,5939.980007949349,0.5862330376941489,1.0023798667683617,0.0,Normal
2020-05-20,1,P1-INV09,6037.1944643775,5939.980007949349,0.5862330376941489,1.0163661251886456,0.0,Normal
2020-05-20,1,P1-INV10,5875.8763393475,5939.980007949349,0.5862330376941489,0.9892081002770952,64.10366860184877,Normal
2020-05-20,1,P1-INV11,6190.6271427,5939.980007949349,0.5862330376941489,1.042196629351482,0.0,Normal
2020-05-20,1,P1-INV12,5503.0090776225,5939.980007949349,0.5862330376941489,0.9264356227222886,436.97093032684916,Normal
2020-05-20,1,P1-INV13,5958.5900301175,5939.980007949349,0.5862330376941489,1.003133010909674,0.0,Normal
2020-05-20,1,P1-INV14,5859.42482151,5939.980007949349,0.5862330376941489,0.9864384751579056,80.5551864393492,Normal
2020-05-20,1,P1-INV15,5895.57410711,5939.980007949349,0.5862330376941489,0.9925242339570299,44.40590083934876,Normal
2020-05-20,1,P1-INV16,5895.41089321,5939.980007949349,0.5862330376941489,0.9924967567770088,44.56911473934906,Normal
2020-05-20,1,P1-INV17,5904.4925595825,5939.980007949349,0.5862330376941489,0.9940256619855021,35.487448366849094,Normal
2020-05-20,1,P1-INV18,5942.752232425,5939.980007949349,0.5862330376941489,1.0004667060279566,0.0,Normal
2020-05-20,1,P1-INV19,6003.3708333675,5939.980007949349,0.5862330376941489,1.0106718920490165,0.0,Normal
2020-05-20,1,P1-INV20,5953.5566961925,5939.980007949349,0.5862330376941489,1.0022856454440894,0.0,Normal
2020-05-20,1,P1-INV21,5967.7622023725,5939.980007949349,0.5862330376941489,1.0046771528500047,0.0,Normal
2020-05-20,1,P1-INV22,5940.91053575,5939.980007949349,0.5862330376941489,1.0001566550391425,0.0,Normal
2020-05-20,2,P2-INV01,2393.315,2336.191711697668,0.4043184003973419,1.0244514557672246,0.0,Normal
2020-05-20,2,P2-INV02,3405.9208333333336,9012.227372539433,0.5679262172018585,0.3779222041946358,5606.3065392061,Critical
2020-05-20,2,P2-INV03,3956.6647619047617,9012.227372539433,0.5679262172018585,0.43903294916424934,5055.562610634672,Critical
2020-05-20,2,P2-INV04,2116.4553571428573,2336.191711697668,0.4043184003973419,0.9059424988734627,219.73635455481053,Normal
2020-05-20,2,P2-INV05,2415.0723214285713,2336.191711697668,0.4043184003973419,1.0337646132960476,0.0,Normal
2020-05-20,2,P2-INV06,4351.501904761904,9012.227372539433,0.5679262172018585,0.48284422095486407,4660.725467777529,Critical
2020-05-20,2,P2-INV07,3864.1184523809525,9012.227372539433,0.5679262172018585,0.42876397727769877,5148.108920158481,Critical
2020-05-20,2,P2-INV08,2387.3478571428573,2336.191711697668,0.4043184003973419,1.0218972377947593,0.0,Normal
2020-05-20,2,P2-INV09,2366.092261904762,2336.191711697668,0.4043184003973419,1.0127988426880283,0.0,Normal
2020-05-20,2,P2-INV10,2671.3088095238095,9012.227372539433,0.5679262172018585,0.2964093890555158,6340.918563015624,Critical
2020-05-20,2,P2-INV11,2403.1565476190476,2336.191711697668,0.4043184003973419,1.0286641013175746,0.0,Normal
2020-05-20,2,P2-INV12,1614.2425,2336.191711697668,0.4043184003973419,0.6909717605439836,721.9492116976678,Critical
2020-05-20,2,P2-INV13,9210.465119047618,9012.227372539433,0.5679262172018585,1.0219965318576207,0.0,Normal
2020-05-20,2,P2-INV14,9456.326309523809,9012.227372539433,0.5679262172018585,1.04927737823588,0.0,Normal
2020-05-20,2,P2-INV15,2354.7344047619044,2336.191711697668,0.4043184003973419,1.00793714529993,0.0,Normal
2020-05-20,2,P2-INV16,2428.754404761905,2336.191711697668,0.4043184003973419,1.0396211888779339,0.0,Normal
2020-05-20,2,P2-INV17,3120.9540476190477,9012.227372539433,0.5679262172018585,0.34630218686322783,5891.273324920386,Critical
2020-05-20,2,P2-INV18,4039.067976190476,9012.227372539433,0.5679262172018585,0.4481764395445298,4973.159396348958,Critical
2020-05-20,2,P2-INV19,6756.804226190477,9012.227372539433,0.5679262172018585,0.7497374341418295,2255.423146348957,Critical
2020-05-20,2,P2-INV20,9346.975892857143,9012.227372539433,0.5679262172018585,1.0371438165594555,0.0,Normal
2020-05-20,2,P2-INV21,2392.236369047619,2336.191711697668,0.4043184003973419,1.0239897509563651,0.0,Normal
2020-05-20,2,P2-INV22,2587.698571428571,9012.227372539433,0.5679262172018585,0.28713196687795267,6424.528801110862,Critical
2020-05-21,1,P1-INV01,7023.0947915025,7493.344828445822,0.6014052200163724,0.9372443084217632,470.2500369433219,Normal
2020-05-21,1,P1-INV02,7555.3848216225,7493.344828445822,0.6014052200163724,1.0082793458191281,0.0,Normal
2020-05-21,1,P1-INV03,7554.7521427825,7493.344828445822,0.6014052200163724,1.0081949137191135,0.0,Normal
2020-05-21,1,P1-INV04,7420.81892851,7493.344828445822,0.6014052200163724,0.9903212915465329,72.52589993582205,Normal
2020-05-21,1,P1-INV05,7727.2027679975,7493.344828445822,0.6014052200163724,1.0312087518865967,0.0,Normal
2020-05-21,1,P1-INV06,7557.748749975,7493.344828445822,0.6014052200163724,1.0085948162007294,0.0,Normal
2020-05-21,1,P1-INV07,7364.912083225,7493.344828445822,0.6014052200163724,0.9828604250623469,128.43274522082174,Normal
2020-05-21,1,P1-INV08,7522.7461606,7493.344828445822,0.6014052200163724,1.0039236593039955,0.0,Normal
2020-05-21,1,P1-INV09,7583.055059675,7493.344828445822,0.6014052200163724,1.0119719875813835,0.0,Normal
2020-05-21,1,P1-INV10,7432.3236607750005,7493.344828445822,0.6014052200163724,0.9918566182301959,61.02116767082134,Normal
2020-05-21,1,P1-INV11,7718.629642865,7493.344828445822,0.6014052200163724,1.0300646533126254,0.0,Normal
2020-05-21,1,P1-INV12,6889.8047914974995,7493.344828445822,0.6014052200163724,0.9194565243204614,603.5400369483223,Normal
2020-05-21,1,P1-INV13,7573.56249989,7493.344828445822,0.6014052200163724,1.0107051888416585,0.0,Normal
2020-05-21,1,P1-INV14,7372.218511675,7493.344828445822,0.6014052200163724,0.9838354807440585,121.12631677082209,Normal
2020-05-21,1,P1-INV15,7522.5607442025,7493.344828445822,0.6014052200163724,1.003898915160793,0.0,Normal
2020-05-21,1,P1-INV16,7589.99696415,7493.344828445822,0.6014052200163724,1.012898396899776,0.0,Normal
2020-05-21,1,P1-INV17,7565.3308335525,7493.344828445822,0.6014052200163724,1.009606658542312,0.0,Normal
2020-05-21,1,P1-INV18,7658.876071565,7493.344828445822,0.6014052200163724,1.0220904345000643,0.0,Normal
2020-05-21,1,P1-INV19,7505.0327379975,7493.344828445822,0.6014052200163724,1.0015597720136018,0.0,Normal
2020-05-21,1,P1-INV20,7577.5532145,7493.344828445822,0.6014052200163724,1.0112377567003872,0.0,Normal
2020-05-21,1,P1-INV21,7496.1937500675,7493.344828445822,0.6014052200163724,1.00038019358336,0.0,Normal
2020-05-21,1,P1-INV22,7720.714315375,7493.344828445822,0.6014052200163724,1.0303428565126285,0.0,Normal
2020-05-21,2,P2-INV01,9109.221428571429,8961.936918525224,0.576868507682783,1.0164344506533798,0.0,Normal
2020-05-21,2,P2-INV02,7250.479285714286,8961.936918525224,0.576868507682783,0.809030386135258,1711.4576328109379,Warning
2020-05-21,2,P2-INV03,8791.765357142856,8961.936918525224,0.576868507682783,0.9810117430049519,170.17156138236714,Normal
2020-05-21,2,P2-INV04,6624.414761904762,8961.936918525224,0.576868507682783,0.7391722149049533,2337.522156620462,Critical
2020-05-21,2,P2-INV06,4780.539523809523,8961.936918525224,0.576868507682783,0.5334270445407474,4181.3973947157,Critical
2020-05-21,2,P2-INV07,5832.595,8961.936918525224,0.576868507682783,0.6508185733759675,3129.3419185252233,Critical
2020-05-21,2,P2-INV08,9036.44607142857,8961.936918525224,0.576868507682783,1.008313956411513,0.0,Normal
2020-05-21,2,P2-INV10,4610.85380952381,8961.936918525224,0.576868507682783,0.5144929998327384,4351.0831090014135,Critical
2020-05-21,2,P2-INV11,9151.327976190476,8961.936918525224,0.576868507682783,1.0211328264622976,0.0,Normal
2020-05-21,2,P2-INV12,4892.760595238095,8961.936918525224,0.576868507682783,0.5459490107684498,4069.176323287128,Critical
2020-05-21,2,P2-INV13,4873.316666666667,8961.936918525224,0.576868507682783,0.543779398468319,4088.620251858557,Critical
2020-05-21,2,P2-INV14,9134.299404761905,8961.936918525224,0.576868507682783,1.019232727010206,0.0,Normal
2020-05-21,2,P2-INV16,8329.2425,8961.936918525224,0.576868507682783,0.9294020450849882,632.6944185252232,Normal
2020-05-21,2,P2-INV17,4878.152142857143,8961.936918525224,0.576868507682783,0.5443189555121185,4083.7847756680803,Critical
2020-05-21,2,P2-INV18,4826.576904761904,8961.936918525224,0.576868507682783,0.5385640346100724,4135.360013763319,Critical
2020-05-21,2,P2-INV19,4649.514404761905,8961.936918525224,0.576868507682783,0.5188068658629913,4312.422513763318,Critical
2020-05-21,2,P2-INV20,9057.256547619047,8961.936918525224,0.576868507682783,1.0106360522240219,0.0,Normal
2020-05-21,2,P2-INV22,4466.224166666667,8961.936918525224,0.576868507682783,0.4983547872820364,4495.712751858557,Critical
2020-05-22,1,P1-INV01,6825.33794645,7100.213360500397,0.488677987713545,0.9612863163268344,274.875414050397,Normal
2020-05-22,1,P1-INV02,7209.98571444,7100.213360500397,0.488677987713545,1.0154604303231625,0.0,Normal
2020-05-22,1,P1-INV03,7252.6035714075,7100.213360500397,0.488677987713545,1.0214627650141999,0.0,Normal
2020-05-22,1,P1-INV04,7112.0448411525,7100.213360500397,0.488677987713545,1.00166635565037,0.0,Normal
2020-05-22,1,P1-INV05,6878.4450891975,7100.213360500397,0.488677987713545,0.9687659708176336,221.76827130289712,Normal
2020-05-22,1,P1-INV06,7315.40143861,7100.213360500397,0.488677987713545,1.0303072692585167,0.0,Normal
2020-05-22,1,P1-INV07,7183.495535975,7100.213360500397,0.488677987713545,1.0117295313881571,0.0,Normal
2020-05-22,1,P1-INV08,7045.6133926975,7100.213360500397,0.488677987713545,0.9923100947773421,54.59996780289748,Normal
2020-05-22,1,P1-INV09,7249.8571430675,7100.213360500397,0.488677987713545,1.0210759557451603,0.0,Normal
2020-05-22,1,P1-INV10,6919.4848216025,7100.213360500397,0.488677987713545,0.9745460411227473,180.72853889789712,Normal
2020-05-22,1,P1-INV11,7295.502678325,7100.213360500397,0.488677987713545,1.027504711183896,0.0,Normal
2020-05-22,1,P1-INV12,6792.2517856,7100.213360500397,0.488677987713545,0.9566264337049876,307.96157490039695,Normal
2020-05-22,1,P1-INV13,7152.2290176775,7100.213360500397,0.488677987713545,1.0073259287483491,0.0,Normal
2020-05-22,1,P1-INV14,7005.758928875,7100.213360500397,0.488677987713545,0.9866969586926975,94.45443162539777,Normal
2020-05-22,1,P1-INV15,7189.434374775,7100.213360500397,0.488677987713545,1.0125659624217707,0.0,Normal
2020-05-22,1,P1-INV16,6878.61821409,7100.213360500397,0.488677987713545,0.96879035387258,221.59514641039732,Normal
2020-05-22,1,P1-INV17,7086.5401786075,7100.213360500397,0.488677987713545,0.9980742576034456,13.673181892897446,Normal
2020-05-22,1,P1-INV18,7209.327232075,7100.213360500397,0.488677987713545,1.0153676891150372,0.0,Normal
2020-05-22,1,P1-INV19,7123.4901783975,7100.213360500397,0.488677987713545,1.0032783265396776,0.0,Normal
2020-05-22,1,P1-INV20,6974.0602677925,7100.213360500397,0.488677987713545,0.9822324927008944,126.15309270789749,Normal
2020-05-22,1,P1-INV21,7189.96517859,7100.213360500397,0.488677987713545,1.0126407212759134,0.0,Normal
2020-05-22,1,P1-INV22,7165.9633928075,7100.213360500397,0.488677987713545,1.0092602896516998,0.0,Normal
2020-05-22,2,P2-INV01,9834.52738095238,9499.82747269171,0.6182851548817091,1.0352322091346187,0.0,Normal
2020-05-22,2,P2-INV02,3214.910357142857,9499.82747269171,0.6182851548817091,0.33841776246826244,6284.917115548853,Critical
2020-05-22,2,P2-INV03,3026.3542857142857,9499.82747269171,0.6182851548817091,0.3185693944878337,6473.473186977424,Critical
2020-05-22,2,P2-INV04,3560.4991666666665,9499.82747269171,0.6182851548817091,0.37479619255209734,5939.328306025043,Critical
2020-05-22,2,P2-INV06,9323.44978021978,9499.82747269171,0.6182851548817091,0.9814335899279281,176.37769247192955,Normal
2020-05-22,2,P2-INV07,5031.555714285714,9499.82747269171,0.6182851548817091,0.52964706240713,4468.271758405996,Critical
2020-05-22,2,P2-INV08,9767.659285714286,9499.82747269171,0.6182851548817091,1.0281933344360714,0.0,Normal
2020-05-22,2,P2-INV10,9386.667738095239,9499.82747269171,0.6182851548817091,0.9880882326629866,113.15973459647103,Normal
2020-05-22,2,P2-INV11,9842.289047619048,9499.82747269171,0.6182851548817091,1.036049241516415,0.0,Normal
2020-05-22,2,P2-INV12,3649.7258333333334,9499.82747269171,0.6182851548817091,0.3841886438279925,5850.101639358376,Critical
2020-05-22,2,P2-INV13,8449.428928571428,9499.82747269171,0.6182851548817091,0.8894297241565947,1050.3985441202822,Warning
2020-05-22,2,P2-INV14,1208.057619047619,9499.82747269171,0.6182851548817091,0.12716626933702874,8291.769853644091,Critical
2020-05-22,2,P2-INV16,9834.122857142856,9499.82747269171,0.6182851548817091,1.0351896269076586,0.0,Normal
2020-05-22,2,P2-INV17,9694.017738095237,9499.82747269171,0.6182851548817091,1.0204414518012825,0.0,Normal
2020-05-22,2,P2-INV18,9297.632124542124,9499.82747269171,0.6182851548817091,0.9787158926063849,202.1953481495857,Normal
2020-05-22,2,P2-INV19,9116.394807692308,9499.82747269171,0.6182851548817091,0.9596379338359964,383.4326649994018,Normal
2020-05-22,2,P2-INV20,3150.2013095238094,9499.82747269171,0.6182851548817091,0.33160616006758087,6349.626163167901,Critical
2020-05-22,2,P2-INV22,3905.049285714286,9499.82747269171,0.6182851548817091,0.4110652848106743,5594.778186977424,Critical
2020-05-23,1,P1-INV01,7952.1290177500005,8451.615216313796,0.5781068374567195,0.9409005041308958,499.48619856379537,Normal
2020-05-23,1,P1-INV02,8649.9531252,8451.615216313796,0.5781068374567195,1.0234674560790888,0.0,Normal
2020-05-23,1,P1-INV03,8630.0535716,8451.615216313796,0.5781068374567195,1.0211129293891388,0.0,Normal
2020-05-23,1,P1-INV04,8404.209821275,8451.615216313796,0.5781068374567195,0.9943909662442642,47.40539503879518,Normal
2020-05-23,1,P1-INV05,8631.986606875,8451.615216313796,0.5781068374567195,1.0213416472407595,0.0,Normal
2020-05-23,1,P1-INV06,8575.11830365,8451.615216313796,0.5781068374567195,1.014612956715991,0.0,Normal
2020-05-23,1,P1-INV07,8424.997767675,8451.615216313796,0.5781068374567195,0.9968506080840717,26.617448638795395,Normal
2020-05-23,1,P1-INV08,8516.5785712,8451.615216313796,0.5781068374567195,1.0076865017187258,0.0,Normal
2020-05-23,1,P1-INV09,8522.4544643,8451.615216313796,0.5781068374567195,1.0083817407883722,0.0,Normal
2020-05-23,1,P1-INV10,8421.0758928775,8451.615216313796,0.5781068374567195,0.9963865695899942,30.5393234362964,Normal
2020-05-23,1,P1-INV11,8745.10446435,8451.615216313796,0.5781068374567195,1.0347258175537495,0.0,Normal
2020-05-23,1,P1-INV12,7850.3017857,8451.615216313796,0.5781068374567195,0.9288522471476097,601.3134306137954,Normal
2020-05-23,1,P1-INV13,8587.5933036225,8451.615216313796,0.5781068374567195,1.0160890059270837,0.0,Normal
2020-05-23,1,P1-INV14,8318.64464295,8451.615216313796,0.5781068374567195,0.984266844862136,132.97057336379657,Normal
2020-05-23,1,P1-INV15,8438.0223213525,8451.615216313796,0.5781068374567195,0.9983916808073494,13.592894961295315,Normal
2020-05-23,1,P1-INV16,8124.71205359,8451.615216313796,0.5781068374567195,0.9613206287370031,326.9031627237955,Normal
2020-05-23,1,P1-INV17,8455.185714125,8451.615216313796,0.5781068374567195,1.000422463365856,0.0,Normal
2020-05-23,1,P1-INV18,8449.7776788,8451.615216313796,0.5781068374567195,0.9997825814987117,1.837537513796633,Normal
2020-05-23,1,P1-INV19,8538.13749985,8451.615216313796,0.5781068374567195,1.0102373666242157,0.0,Normal
2020-05-23,1,P1-INV20,8456.308481925,8451.615216313796,0.5781068374567195,1.0005553099012536,0.0,Normal
2020-05-23,1,P1-INV21,8589.551786,8451.615216313796,0.5781068374567195,1.0163207346945884,0.0,Normal
2020-05-23,1,P1-INV22,8511.0526783325,8451.615216313796,0.5781068374567195,1.0070326748789953,0.0,Normal
2020-05-23,2,P2-INV01,9665.84619047619,9309.410342679828,0.597487408579188,1.0382876932776557,0.0,Normal
2020-05-23,2,P2-INV02,6749.012738095238,9309.410342679828,0.597487408579188,0.7249667261044217,2560.39760458459,Critical
2020-05-23,2,P2-INV03,4529.014761904762,9309.410342679828,0.597487408579188,0.4864985638393322,4780.395580775066,Critical
2020-05-23,2,P2-INV04,4580.225238095238,9309.410342679828,0.597487408579188,0.4919995004513641,4729.185104584591,Critical
2020-05-23,2,P2-INV06,3053.4140476190473,9309.410342679828,0.597487408579188,0.32799220737111523,6255.9962950607805,Critical
2020-05-23,2,P2-INV07,3342.5391666666665,9309.410342679828,0.597487408579188,0.3590495040639143,5966.871176013162,Critical
2020-05-23,2,P2-INV08,9619.85488095238,9309.410342679828,0.597487408579188,1.033347390097232,0.0,Normal
2020-05-23,2,P2-INV10,9145.2375,9309.410342679828,0.597487408579188,0.9823648505505055,164.17284267982905,Normal
2020-05-23,2,P2-INV11,9564.55238095238,9309.410342679828,0.597487408579188,1.0274068956980906,0.0,Normal
2020-05-23,2,P2-INV12,3980.9489285714285,9309.410342679828,0.597487408579188,0.4276263245503757,5328.4614141084,Critical
2020-05-23,2,P2-INV13,9457.345119047619,9309.410342679828,0.597487408579188,1.0158908857728153,0.0,Normal
2020-05-23,2,P2-INV14,4407.587738095238,9309.410342679828,0.597487408579188,0.4734550928417298,4901.82260458459,Critical
2020-05-23,2,P2-INV16,9631.330595238096,9309.410342679828,0.597487408579188,1.0345800905436937,0.0,Normal
2020-05-23,2,P2-INV17,9473.645595238095,9309.410342679828,0.597487408579188,1.0176418534056142,0.0,Normal
2020-05-23,2,P2-INV18,3219.873095238095,9309.410342679828,0.597487408579188,0.34587293681494496,6089.537247441733,Critical
2020-05-23,2,P2-INV19,2936.975833333333,9309.410342679828,0.597487408579188,0.3154846252580041,6372.434509346495,Critical
2020-05-23,2,P2-INV20,9466.310119047619,9309.410342679828,0.597487408579188,1.0168538898375195,0.0,Normal
2020-05-23,2,P2-INV22,9353.690476190475,9309.410342679828,0.597487408579188,1.0047564917519685,0.0,Normal
2020-05-24,1,P1-INV01,7517.4642858775,7926.808029834444,0.5394060338798137,0.9483595739399414,409.3437439569443,Normal
2020-05-24,1,P1-INV02,8251.3254463775,7926.808029834444,0.5394060338798137,1.040939229929835,0.0,Normal
2020-05-24,1,P1-INV03,8226.4004458825,7926.808029834444,0.5394060338798137,1.0377948368271905,0.0,Normal
2020-05-24,1,P1-INV04,7982.8750000850005,7926.808029834444,0.5394060338798137,1.0070730828903054,0.0,Normal
2020-05-24,1,P1-INV05,8011.59151785,7926.808029834444,0.5394060338798137,1.010695791760877,0.0,Normal
2020-05-24,1,P1-INV06,8126.1299106025,7926.808029834444,0.5394060338798137,1.025145289253614,0.0,Normal
2020-05-24,1,P1-INV07,7964.039285965,7926.808029834444,0.5394060338798137,1.0046968787424178,0.0,Normal
2020-05-24,1,P1-INV08,7999.0084821475,7926.808029834444,0.5394060338798137,1.0091083891575667,0.0,Normal
2020-05-24,1,P1-INV09,7947.1450894175,7926.808029834444,0.5394060338798137,1.002565605159922,0.0,Normal
2020-05-24,1,P1-INV10,7940.6758927225,7926.808029834444,0.5394060338798137,1.0017494889286913,0.0,Normal
2020-05-24,1,P1-INV11,8398.41473224,7926.808029834444,0.5394060338798137,1.059495158786557,0.0,Normal
2020-05-24,1,P1-INV12,7386.92857165,7926.808029834444,0.5394060338798137,0.9318919474077739,539.879458184444,Normal
2020-05-24,1,P1-INV13,8024.6915180999995,7926.808029834444,0.5394060338798137,1.0123484116049168,0.0,Normal
2020-05-24,1,P1-INV14,7510.2482145475,7926.808029834444,0.5394060338798137,0.9474492363484619,416.5598152869443,Normal
2020-05-24,1,P1-INV15,8004.6357145225,7926.808029834444,0.5394060338798137,1.0098182880669158,0.0,Normal
2020-05-24,1,P1-INV16,7952.6812498675,7926.808029834444,0.5394060338798137,1.003264014964873,0.0,Normal
2020-05-24,1,P1-INV17,7837.199553225,7926.808029834444,0.5394060338798137,0.9886955157394779,89.60847660944364,Normal
2020-05-24,1,P1-INV18,8090.02321404,7926.808029834444,0.5394060338798137,1.020590278406044,0.0,Normal
2020-05-24,1,P1-INV19,7924.044196325,7926.808029834444,0.5394060338798137,0.9996513308384608,2.763833509444339,Normal
2020-05-24,1,P1-INV20,7838.647768175,7926.808029834444,0.5394060338798137,0.9888782141149841,88.16026165944368,Normal
2020-05-24,1,P1-INV21,7226.536160675,7926.808029834444,0.5394060338798137,0.9116577736557007,700.2718691594437,Normal
2020-05-24,1,P1-INV22,7919.7883924575,7926.808029834444,0.5394060338798137,0.9991144433736097,7.019637376944047,Normal
2020-05-24,2,P2-INV01,4610.561785714286,9057.27081464928,0.581718805491954,0.5090453714000842,4446.709028934994,Critical
2020-05-24,2,P2-INV02,3860.7620238095237,9057.27081464928,0.581718805491954,0.4262610782891802,5196.508790839756,Critical
2020-05-24,2,P2-INV03,9056.918095238096,9057.27081464928,0.581718805491954,0.999961056766613,0.35271941118480754,Normal
2020-05-24,2,P2-INV04,3395.155714285714,9057.27081464928,0.581718805491954,0.3748541678575372,5662.115100363566,Critical
2020-05-24,2,P2-INV06,4702.116547619047,9057.27081464928,0.581718805491954,0.5191537985166368,4355.154267030233,Critical
2020-05-24,2,P2-INV07,9010.935833333333,9057.27081464928,0.581718805491954,0.9948842226025741,46.334981315947516,Normal
2020-05-24,2,P2-INV08,4922.684166666667,9057.27081464928,0.581718805491954,0.5435063461616594,4134.586647982614,Critical
2020-05-24,2,P2-INV10,8933.274404761905,9057.27081464928,0.581718805491954,0.9863097380629469,123.9964098873752,Normal
2020-05-24,2,P2-INV11,4468.802023809524,9057.27081464928,0.581718805491954,0.49339388379352184,4588.468790839756,Critical
2020-05-24,2,P2-INV12,4782.486071428571,9057.27081464928,0.581718805491954,0.5280272798836214,4274.784743220709,Critical
2020-05-24,2,P2-INV13,9231.737976190476,9057.27081464928,0.581718805491954,1.0192626636777837,0.0,Normal
2020-05-24,2,P2-INV14,9344.367261904761,9057.27081464928,0.581718805491954,1.0316978980899112,0.0,Normal
2020-05-24,2,P2-INV16,5053.405238095238,9057.27081464928,0.581718805491954,0.5579390681265523,4003.8655765540425,Critical
2020-05-24,2,P2-INV17,9252.3075,9057.27081464928,0.581718805491954,1.021533714663281,0.0,Normal
2020-05-24,2,P2-INV18,8857.630714285713,9057.27081464928,0.581718805491954,0.9779580290300398,199.6401003635674,Normal
2020-05-24,2,P2-INV19,4908.16880952381,9057.27081464928,0.581718805491954,0.5419037268473093,4149.102005125471,Critical
2020-05-24,2,P2-INV20,3235.0754761904764,9057.27081464928,0.581718805491954,0.35717994331780906,5822.195338458804,Critical
2020-05-24,2,P2-INV22,9041.812857142857,9057.27081464928,0.581718805491954,0.9982933095605995,15.457957506423554,Normal
2020-05-25,1,P1-INV01,8250.450446265,8736.138412244574,0.6020990988700529,0.944404730893591,485.6879659795741,Normal
2020-05-25,1,P1-INV02,9021.1934524425,8736.138412244574,0.6020990988700529,1.0326294097857232,0.0,Normal
2020-05-25,1,P1-INV03,9017.72648789,8736.138412244574,0.6020990988700529,1.0322325565779444,0.0,Normal
2020-05-25,1,P1-INV04,8750.151785965,8736.138412244574,0.6020990988700529,1.0016040695624493,0.0,Normal
2020-05-25,1,P1-INV05,8922.0607146175,8736.138412244574,0.6020990988700529,1.0212819776427005,0.0,Normal
2020-05-25,1,P1-INV06,8976.6803576325,8736.138412244574,0.6020990988700529,1.0275341270979386,0.0,Normal
2020-05-25,1,P1-INV07,8848.9778273,8736.138412244574,0.6020990988700529,1.0129163950627509,0.0,Normal
2020-05-25,1,P1-INV08,8782.24732095,8736.138412244574,0.6020990988700529,1.0052779507981238,0.0,Normal
2020-05-25,1,P1-INV09,8884.7723211275,8736.138412244574,0.6020990988700529,1.0170136852083984,0.0,Normal
2020-05-25,1,P1-INV10,8726.758482525,8736.138412244574,0.6020990988700529,0.9989263071076773,9.379929719574648,Normal
2020-05-25,1,P1-INV11,9132.5864585275,8736.138412244574,0.6020990988700529,1.0453802386792845,0.0,Normal
2020-05-25,1,P1-INV12,8084.37901827,8736.138412244574,0.6020990988700529,0.9253950242980277,651.7593939745739,Normal
2020-05-25,1,P1-INV13,8828.97276765,8736.138412244574,0.6020990988700529,1.010626474882233,0.0,Normal
2020-05-25,1,P1-INV14,7997.85357112,8736.138412244574,0.6020990988700529,0.9154907115379727,738.2848411245741,Normal
2020-05-25,1,P1-INV15,8786.989285465,8736.138412244574,0.6020990988700529,1.0058207494914635,0.0,Normal
2020-05-25,1,P1-INV16,8766.60491073,8736.138412244574,0.6020990988700529,1.0034874102318163,0.0,Normal
2020-05-25,1,P1-INV17,8720.8683034625,8736.138412244574,0.6020990988700529,0.9982520756813248,15.270108782075113,Normal
2020-05-25,1,P1-INV18,8811.8883931225,8736.138412244574,0.6020990988700529,1.0086708769141928,0.0,Normal
2020-05-25,1,P1-INV19,8817.9424109,8736.138412244574,0.6020990988700529,1.009363862475069,0.0,Normal
2020-05-25,1,P1-INV20,8757.173214335,8736.138412244574,0.6020990988700529,1.0024077917608245,0.0,Normal
2020-05-25,1,P1-INV21,8407.037350985,8736.138412244574,0.6020990988700529,0.9623287720810024,329.10106125957464,Normal
2020-05-25,1,P1-INV22,8756.4910716775,8736.138412244574,0.6020990988700529,1.0023297089025511,0.0,Normal
2020-05-25,2,P2-INV01,9157.54630952381,8901.12487848439,0.600923859186233,1.0288077557095325,0.0,Normal
2020-05-25,2,P2-INV02,8733.050476190476,8901.12487848439,0.600923859186233,0.9811176222569149,168.07440229391432,Normal
2020-05-25,2,P2-INV03,8789.243928571428,8901.12487848439,0.600923859186233,0.9874306953963315,111.88094991296202,Normal
2020-05-25,2,P2-INV04,6914.968095238095,8901.12487848439,0.600923859186233,0.776864518770297,1986.1567832462952,Warning
2020-05-25,2,P2-INV06,4906.175119047619,8901.12487848439,0.600923859186233,0.5511859664958438,3994.9497594367713,Critical
2020-05-25,2,P2-INV07,8770.294642857143,8901.12487848439,0.600923859186233,0.9853018312389384,130.83023562724702,Normal
2020-05-25,2,P2-INV08,9124.154523809524,8901.12487848439,0.600923859186233,1.0250563438183231,0.0,Normal
2020-05-25,2,P2-INV10,8695.614166666666,8901.12487848439,0.600923859186233,0.976911826918137,205.51071181772386,Normal
2020-05-25,2,P2-INV11,9107.268452380951,8901.12487848439,0.600923859186233,1.0231592721943321,0.0,Normal
2020-05-25,2,P2-INV12,3259.8540476190474,8901.12487848439,0.600923859186233,0.36622944763966825,5641.270830865343,Critical
2020-05-25,2,P2-INV13,8969.121071428572,8901.12487848439,0.600923859186233,1.0076390561723878,0.0,Normal
2020-05-25,2,P2-INV14,9055.70511904762,8901.12487848439,0.600923859186233,1.017366371405133,0.0,Normal
2020-05-25,2,P2-INV16,9141.552142857143,8901.12487848439,0.600923859186233,1.0270108854391997,0.0,Normal
2020-05-25,2,P2-INV17,9035.727380952381,8901.12487848439,0.600923859186233,1.0151219654038726,0.0,Normal
2020-05-25,2,P2-INV18,6142.450357142857,8901.12487848439,0.600923859186233,0.6900757422233517,2758.6745213415334,Critical
2020-05-25,2,P2-INV19,4122.718333333333,8901.12487848439,0.600923859186233,0.46316823880301694,4778.406545151057,Critical
2020-05-25,2,P2-INV20,8999.3675,8901.12487848439,0.600923859186233,1.0110371018109272,0.0,Normal
2020-05-25,2,P2-INV22,8791.475119047618,8901.12487848439,0.600923859186233,0.9876813592738357,109.649759436772,Normal
2020-05-26,1,P1-INV01,7420.9598212,7777.157188325117,0.5469775897551948,0.9541995412334172,356.1973671251171,Normal
2020-05-26,1,P1-INV02,8080.4151784675,7777.157188325117,0.5469775897551948,1.0389934243064582,0.0,Normal
2020-05-26,1,P1-INV03,8023.558928835,7777.157188325117,0.5469775897551948,1.0316827517489007,0.0,Normal
2020-05-26,1,P1-INV04,7871.247767725,7777.157188325117,0.5469775897551948,1.0120983255348277,0.0,Normal
2020-05-26,1,P1-INV05,7904.5379465999995,7777.157188325117,0.5469775897551948,1.0163788329321803,0.0,Normal
2020-05-26,1,P1-INV06,8038.34910725,7777.157188325117,0.5469775897551948,1.0335844978570032,0.0,Normal
2020-05-26,1,P1-INV07,7787.0910714225,7777.157188325117,0.5469775897551948,1.001277315458185,0.0,Normal
2020-05-26,1,P1-INV08,7779.551339375,7777.157188325117,0.5469775897551948,1.0003078439835928,0.0,Normal
2020-05-26,1,P1-INV09,7969.7241070325,7777.157188325117,0.5469775897551948,1.024760579482238,0.0,Normal
2020-05-26,1,P1-INV10,7759.234821315,7777.157188325117,0.5469775897551948,0.9976955117948468,17.92236701011734,Normal
2020-05-26,1,P1-INV11,8192.1281250775,7777.157188325117,0.5469775897551948,1.0533576635657211,0.0,Normal
2020-05-26,1,P1-INV12,7297.0276784325,7777.157188325117,0.5469775897551948,0.938264137104831,480.12950989261753,Normal
2020-05-26,1,P1-INV13,7824.9183035325,7777.157188325117,0.5469775897551948,1.0061412048195555,0.0,Normal
2020-05-26,1,P1-INV14,7668.4165178025,7777.157188325117,0.5469775897551948,0.9860179410175923,108.74067052261762,Normal
2020-05-26,1,P1-INV15,7796.413839225,7777.157188325117,0.5469775897551948,1.002476052680122,0.0,Normal
2020-05-26,1,P1-INV16,7725.46383924,7777.157188325117,0.5469775897551948,0.9933531819103878,51.693349085117006,Normal
2020-05-26,1,P1-INV17,7704.182142635,7777.157188325117,0.5469775897551948,0.9906167454349945,72.97504569011744,Normal
2020-05-26,1,P1-INV18,7774.257143075,7777.157188325117,0.5469775897551948,0.999627107286134,2.9000452501168184,Normal
2020-05-26,1,P1-INV19,7792.4687499,7777.157188325117,0.5469775897551948,1.0019687864349545,0.0,Normal
2020-05-26,1,P1-INV20,7663.691071125,7777.157188325117,0.5469775897551948,0.9854103351067085,113.46611720011697,Normal
2020-05-26,1,P1-INV21,7408.462946435,7777.157188325117,0.5469775897551948,0.9525926719799888,368.69424189011715,Normal
2020-05-26,1,P1-INV22,7760.251785935,7777.157188325117,0.5469775897551948,0.9978262748224384,16.90540239011716,Normal
2020-05-26,2,P2-INV01,9454.328095238096,9137.634850808023,0.5892667578898051,1.0346581199184237,0.0,Normal
2020-05-26,2,P2-INV02,3565.1709523809523,9137.634850808023,0.5892667578898051,0.39016342966097967,5572.4638984270705,Critical
2020-05-26,2,P2-INV03,9065.598214285714,9137.634850808023,0.5892667578898051,0.9921164899124921,72.03663652230898,Normal
2020-05-26,2,P2-INV04,8254.338452380953,9137.634850808023,0.5892667578898051,0.9033342420824616,883.29639842707,Normal
2020-05-26,2,P2-INV06,3831.1065476190474,9137.634850808023,0.5892667578898051,0.4192667588681627,5306.528303188976,Critical
2020-05-26,2,P2-INV07,9033.782976190476,9137.634850808023,0.5892667578898051,0.9886347094939602,103.85187461754686,Normal
2020-05-26,2,P2-INV08,9131.292142857143,9137.634850808023,0.5892667578898051,0.9993058698389201,6.34270795088014,Normal
2020-05-26,2,P2-INV10,6673.433214285714,9137.634850808023,0.5892667578898051,0.7303239102069826,2464.201636522309,Critical
2020-05-26,2,P2-INV11,9355.784642857143,9137.634850808023,0.5892667578898051,1.0238737699208706,0.0,Normal
2020-05-26,2,P2-INV12,7234.231904761905,9137.634850808023,0.5892667578898051,0.7916963221749003,1903.402946046118,Warning
2020-05-26,2,P2-INV13,9304.953214285715,9137.634850808023,0.5892667578898051,1.018310904978097,0.0,Normal
2020-05-26,2,P2-INV14,9266.631785714286,9137.634850808023,0.5892667578898051,1.0141171032780825,0.0,Normal
2020-05-26,2,P2-INV16,9407.986428571428,9137.634850808023,0.5892667578898051,1.0295866033363654,0.0,Normal
2020-05-26,2,P2-INV17,9325.679166666667,9137.634850808023,0.5892667578898051,1.0205791015868855,0.0,Normal
2020-05-26,2,P2-INV18,4055.9488095238094,9137.634850808023,0.5892667578898051,0.443872936021858,5081.686041284213,Critical
2020-05-26,2,P2-INV19,7735.766071428571,9137.634850808023,0.5892667578898051,0.8465829722605421,1401.8687793794516,Warning
2020-05-26,2,P2-INV20,9250.272142857142,9137.634850808023,0.5892667578898051,1.0123267447089068,0.0,Normal
2020-05-26,2,P2-INV22,6191.945595238095,9137.634850808023,0.5892667578898051,0.6776311043651031,2945.689255569928,Critical
2020-05-27,1,P1-INV01,6114.2790178075,6623.296526131512,0.4538287325479365,0.9231474075914105,509.01750832401194,Normal
2020-05-27,1,P1-INV02,6808.4397321999995,6623.296526131512,0.4538287325479365,1.0279533319002139,0.0,Normal
2020-05-27,1,P1-INV03,6721.5864286275,6623.296526131512,0.4538287325479365,1.0148400274860405,0.0,Normal
2020-05-27,1,P1-INV04,6588.5214284250005,6623.296526131512,0.4538287325479365,0.9947495786170361,34.77509770651159,Normal
2020-05-27,1,P1-INV05,6848.8080357750005,6623.296526131512,0.4538287325479365,1.0340482279109438,0.0,Normal
2020-05-27,1,P1-INV06,6753.6656248750005,6623.296526131512,0.4538287325479365,1.019683415687208,0.0,Normal
2020-05-27,1,P1-INV07,6586.634285715,6623.296526131512,0.4538287325479365,0.994464653624994,36.66224041651185,Normal
2020-05-27,1,P1-INV08,6741.709375085,6623.296526131512,0.4538287325479365,1.0178782345749284,0.0,Normal
2020-05-27,1,P1-INV09,6686.0950893675,6623.296526131512,0.4538287325479365,1.0094814663647056,0.0,Normal
2020-05-27,1,P1-INV10,6650.8840774025,6623.296526131512,0.4538287325479365,1.0041652296801364,0.0,Normal
2020-05-27,1,P1-INV11,6798.258482,6623.296526131512,0.4538287325479365,1.026416144162985,0.0,Normal
2020-05-27,1,P1-INV12,6102.37991071,6623.296526131512,0.4538287325479365,0.9213508540095872,520.9166154215118,Normal
2020-05-27,1,P1-INV13,6681.50982149,6623.296526131512,0.4538287325479365,1.0087891724504277,0.0,Normal
2020-05-27,1,P1-INV14,6531.3933632975,6623.296526131512,0.4538287325479365,0.9861242566339258,91.90316283401171,Normal
2020-05-27,1,P1-INV15,6650.615475965,6623.296526131512,0.4538287325479365,1.0041246756393443,0.0,Normal
2020-05-27,1,P1-INV16,6636.7220535125,6623.296526131512,0.4538287325479365,1.0020270159018276,0.0,Normal
2020-05-27,1,P1-INV17,6617.74241075,6623.296526131512,0.4538287325479365,0.9991614273406605,5.55411538151202,Normal
2020-05-27,1,P1-INV18,6708.9799107399995,6623.296526131512,0.4538287325479365,1.0129366674541043,0.0,Normal
2020-05-27,1,P1-INV19,6739.7697918775,6623.296526131512,0.4538287325479365,1.0175853920002609,0.0,Normal
2020-05-27,1,P1-INV20,6652.2154763,6623.296526131512,0.4538287325479365,1.0043662472387265,0.0,Normal
2020-05-27,1,P1-INV21,6349.4767856575,6623.296526131512,0.4538287325479365,0.9586580882505131,273.8197404740122,Normal
2020-05-27,1,P1-INV22,6667.0277679075,6623.296526131512,0.4538287325479365,1.0066026398793184,0.0,Normal
2020-05-27,2,P2-INV01,9469.825,9079.450807578056,0.5813540151879921,1.0429953529894258,0.0,Normal
2020-05-27,2,P2-INV02,1297.277142857143,9079.450807578056,0.5813540151879921,0.1428805739852003,7782.173664720913,Critical
2020-05-27,2,P2-INV03,2610.9879761904763,9079.450807578056,0.5813540151879921,0.287571135250961,6468.46283138758,Critical
2020-05-27,2,P2-INV04,8619.797023809524,9079.450807578056,0.5813540151879921,0.9493742745558038,459.65378376853187,Normal
2020-05-27,2,P2-INV06,4256.336666666667,9079.450807578056,0.5813540151879921,0.4687878988357056,4823.114140911389,Critical
2020-05-27,2,P2-INV07,9053.576904761905,9079.450807578056,0.5813540151879921,0.9971502788698898,25.873902816150803,Normal
2020-05-27,2,P2-INV08,9389.595119047619,9079.450807578056,0.5813540151879921,1.0341589285566375,0.0,Normal
2020-05-27,2,P2-INV10,3808.018452380952,9079.450807578056,0.5813540151879921,0.4194106596406288,5271.432355197104,Critical
2020-05-27,2,P2-INV11,9409.031666666666,9079.450807578056,0.5813540151879921,1.0362996469801378,0.0,Normal
2020-05-27,2,P2-INV12,7339.209642857143,9079.450807578056,0.5813540151879921,0.8083318912561934,1740.2411647209128,Warning
2020-05-27,2,P2-INV13,5782.716309523809,9079.450807578056,0.5813540151879921,0.6369015518755092,3296.7344980542466,Critical
2020-05-27,2,P2-INV14,2558.3661904761907,9079.450807578056,0.5813540151879921,0.28177543385563375,6521.084617101866,Critical
2020-05-27,2,P2-INV16,9428.506071428572,9079.450807578056,0.5813540151879921,1.0384445349446887,0.0,Normal
2020-05-27,2,P2-INV17,4672.8136904761905,9079.450807578056,0.5813540151879921,0.5146581868780084,4406.637117101865,Critical
2020-05-27,2,P2-INV18,8974.927976190476,9079.450807578056,0.5813540151879921,0.9884879786671303,104.52283138757957,Normal
2020-05-27,2,P2-INV19,5660.677142857143,9079.450807578056,0.5813540151879921,0.6234603020407937,3418.773664720913,Critical
2020-05-27,2,P2-INV20,2651.736785714286,9079.450807578056,0.5813540151879921,0.29205916105642044,6427.7140218637705,Critical
2020-05-27,2,P2-INV22,3293.2013095238094,9079.450807578056,0.5813540151879921,0.36270930690820835,5786.249498054247,Critical
2020-05-28,1,P1-INV01,7948.10327385,8295.359525167427,0.5635807346502468,0.9581384929412787,347.2562513174271,Normal
2020-05-28,1,P1-INV02,8488.8802680625,8295.359525167427,0.5635807346502468,1.0233287951303311,0.0,Normal
2020-05-28,1,P1-INV03,8451.2325896,8295.359525167427,0.5635807346502468,1.01879039286479,0.0,Normal
2020-05-28,1,P1-INV04,8243.3448211525,8295.359525167427,0.5635807346502468,0.9937296624869459,52.0147040149277,Normal
2020-05-28,1,P1-INV05,8504.6558036725,8295.359525167427,0.5635807346502468,1.0252305253160017,0.0,Normal
2020-05-28,1,P1-INV06,8478.7350892225,8295.359525167427,0.5635807346502468,1.0221058006586365,0.0,Normal
2020-05-28,1,P1-INV07,8255.18586315,8295.359525167427,0.5635807346502468,0.9951570921193297,40.17366201742698,Normal
2020-05-28,1,P1-INV08,8307.5584823175,8295.359525167427,0.5635807346502468,1.001470576062805,0.0,Normal
2020-05-28,1,P1-INV09,8474.2626488,8295.359525167427,0.5635807346502468,1.0215666509799601,0.0,Normal
2020-05-28,1,P1-INV10,8202.3937499075,8295.359525167427,0.5635807346502468,0.9887930384478363,92.96577525992689,Normal
2020-05-28,1,P1-INV11,8632.49499987,8295.359525167427,0.5635807346502468,1.0406414542588216,0.0,Normal
2020-05-28,1,P1-INV12,7712.506249875,8295.359525167427,0.5635807346502468,0.9297374304845861,582.8532752924266,Normal
2020-05-28,1,P1-INV13,8287.399999925,8295.359525167427,0.5635807346502468,0.9990404845964449,7.959525242426025,Normal
2020-05-28,1,P1-INV14,8292.3352674725,8295.359525167427,0.5635807346502468,0.9996354277731119,3.0242576949276554,Normal
2020-05-28,1,P1-INV15,8190.8736607075,8295.359525167427,0.5635807346502468,0.9874042994588811,104.48586445992714,Normal
2020-05-28,1,P1-INV16,8209.71488109,8295.359525167427,0.5635807346502468,0.9896755958777207,85.64464407742707,Normal
2020-05-28,1,P1-INV17,8262.0766963175,8295.359525167427,0.5635807346502468,0.9959877774135105,33.28282884992768,Normal
2020-05-28,1,P1-INV18,8323.340773585,8295.359525167427,0.5635807346502468,1.003373120638434,0.0,Normal
2020-05-28,1,P1-INV19,8503.298065375,8295.359525167427,0.5635807346502468,1.0250668508793024,0.0,Normal
2020-05-28,1,P1-INV20,8490.8059524,8295.359525167427,0.5635807346502468,1.0235609350793784,0.0,Normal
2020-05-28,1,P1-INV21,7853.312499925,8295.359525167427,0.5635807346502468,0.9467115290300206,442.04702524242657,Normal
2020-05-28,1,P1-INV22,8429.4312498425,8295.359525167427,0.5635807346502468,1.0161622560503027,0.0,Normal
2020-05-28,2,P2-INV01,3700.730604395604,9009.226552048887,0.5965061562402368,0.4107711780823161,5308.495947653283,Critical
2020-05-28,2,P2-INV02,8808.933434065933,9009.226552048887,0.5965061562402368,0.9777680007461459,200.29311798295385,Normal
2020-05-28,2,P2-INV03,8887.644505494505,9009.226552048887,0.5965061562402368,0.9865047187067649,121.58204655438203,Normal
2020-05-28,2,P2-INV04,7936.444496336996,9009.226552048887,0.5965061562402368,0.8809240671755648,1072.7820557118912,Warning
2020-05-28,2,P2-INV06,3428.6123626373624,9009.226552048887,0.5965061562402368,0.38056678260106847,5580.614189411524,Critical
2020-05-28,2,P2-INV07,8861.603635531135,9009.226552048887,0.5965061562402368,0.9836142519377339,147.62291651775195,Normal
2020-05-28,2,P2-INV08,3677.453195970696,9009.226552048887,0.5965061562402368,0.4081874481371951,5331.773356078191,Critical
2020-05-28,2,P2-INV10,8525.393214285714,9009.226552048887,0.5965061562402368,0.9462957963185931,483.8333377631734,Normal
2020-05-28,2,P2-INV11,3924.5007967032966,9009.226552048887,0.5965061562402368,0.4356090696610113,5084.725755345591,Critical
2020-05-28,2,P2-INV12,4814.77945054945,9009.226552048887,0.5965061562402368,0.5344276140391284,4194.447101499437,Critical
2020-05-28,2,P2-INV13,9073.94369047619,9009.226552048887,0.5965061562402368,1.00718342890518,0.0,Normal
2020-05-28,2,P2-INV14,7957.703113553113,9009.226552048887,0.5965061562402368,0.883283716707442,1051.523438495774,Warning
2020-05-28,2,P2-INV16,3772.1985164835164,9009.226552048887,0.5965061562402368,0.41870392476983936,5237.02803556537,Critical
2020-05-28,2,P2-INV17,9015.053452380953,9009.226552048887,0.5965061562402368,1.0006467703191169,0.0,Normal
2020-05-28,2,P2-INV18,7779.290274725275,9009.226552048887,0.5965061562402368,0.8634803697944637,1229.9362773236126,Warning
2020-05-28,2,P2-INV19,3502.140558608058,9009.226552048887,0.5965061562402368,0.3887282152774367,5507.085993440829,Critical
2020-05-28,2,P2-INV20,9091.145375457874,9009.226552048887,0.5965061562402368,1.0090927698327619,0.0,Normal
2020-05-28,2,P2-INV22,8607.17761904762,9009.226552048887,0.5965061562402368,0.9553736460418089,402.04893300126787,Normal
2020-05-29,1,P1-INV01,7572.653125275,8063.630625704075,0.5371299520249483,0.9391121043089439,490.977500429075,Normal
2020-05-29,1,P1-INV02,8251.9343745825,8063.630625704075,0.5371299520249483,1.0233522289920098,0.0,Normal
2020-05-29,1,P1-INV03,8198.58705377,8063.630625704075,0.5371299520249483,1.0167364347810934,0.0,Normal
2020-05-29,1,P1-INV04,7991.908482035,8063.630625704075,0.5371299520249483,0.9911054775450093,71.7221436690752,Normal
2020-05-29,1,P1-INV05,8195.9906249625,8063.630625704075,0.5371299520249483,1.0164144422534072,0.0,Normal
2020-05-29,1,P1-INV06,8160.3370539675,8063.630625704075,0.5371299520249483,1.0119929139555521,0.0,Normal
2020-05-29,1,P1-INV07,7990.0758929975,8063.630625704075,0.5371299520249483,0.9908782115500048,73.55473270657512,Normal
2020-05-29,1,P1-INV08,8068.2098213875,8063.630625704075,0.5371299520249483,1.0005678826196265,0.0,Normal
2020-05-29,1,P1-INV09,8120.02678586,8063.630625704075,0.5371299520249483,1.006993891805529,0.0,Normal
2020-05-29,1,P1-INV10,8045.5322917375,8063.630625704075,0.5371299520249483,0.9977555601432332,18.09833396657541,Normal
2020-05-29,1,P1-INV11,8320.387499915,8063.630625704075,0.5371299520249483,1.0318413486590607,0.0,Normal
2020-05-29,1,P1-INV12,7441.225892825,8063.630625704075,0.5371299520249483,0.9228133378412618,622.4047328790748,Normal
2020-05-29,1,P1-INV13,8231.4071429025,8063.630625704075,0.5371299520249483,1.020806572744492,0.0,Normal
2020-05-29,1,P1-INV14,7937.7049109675,8063.630625704075,0.5371299520249483,0.9843834966429182,125.92571473657517,Normal
2020-05-29,1,P1-INV15,8225.6401786075,8063.630625704075,0.5371299520249483,1.0200913906431917,0.0,Normal
2020-05-29,1,P1-INV16,8229.3638393975,8063.630625704075,0.5371299520249483,1.0205531752862196,0.0,Normal
2020-05-29,1,P1-INV17,8068.13080362,8063.630625704075,0.5371299520249483,1.000558083340472,0.0,Normal
2020-05-29,1,P1-INV18,8307.7937502225,8063.630625704075,0.5371299520249483,1.0302795522081725,0.0,Normal
2020-05-29,1,P1-INV19,8168.6821428725,8063.630625704075,0.5371299520249483,1.0130278186148007,0.0,Normal
2020-05-29,1,P1-INV20,8051.6218752525,8063.630625704075,0.5371299520249483,0.9985107514209176,12.008750451574997,Normal
2020-05-29,1,P1-INV21,7910.0450891724995,8063.630625704075,0.5371299520249483,0.980953302096701,153.5855365315756,Normal
2020-05-29,1,P1-INV22,8214.24910696,8063.630625704075,0.5371299520249483,1.0186787426467434,0.0,Normal
2020-05-29,2,P2-INV01,7919.483376623376,7722.157855036588,0.5030433493853391,1.02555315823518,0.0,Normal
2020-05-29,2,P2-INV02,4599.035119047619,7722.157855036588,0.5030433493853391,0.5955634688363708,3123.122735988969,Critical
2020-05-29,2,P2-INV03,6763.110487012987,7722.157855036588,0.5030433493853391,0.8758057804531817,959.0473680236018,Warning
2020-05-29,2,P2-INV04,4098.0388095238095,7722.157855036588,0.5030433493853391,0.530685708121204,3624.119045512779,Critical
2020-05-29,2,P2-INV05,744.2400216450217,724.8256146954374,0.25298844176512536,1.0267849349636216,0.0,Normal
2020-05-29,2,P2-INV06,7633.750649350649,7722.157855036588,0.5030433493853391,0.9885514894482145,88.40720568593952,Normal
2020-05-29,2,P2-INV07,7042.268474025974,7722.157855036588,0.5030433493853391,0.9119560369298624,679.8893810106147,Normal
2020-05-29,2,P2-INV08,8027.203170995671,7722.157855036588,0.5030433493853391,1.0395026003981678,0.0,Normal
2020-05-29,2,P2-INV09,722.1293722943723,724.8256146954374,0.25298844176512536,0.9962801502231705,2.696242401065092,Normal
2020-05-29,2,P2-INV10,6460.793135198135,7722.157855036588,0.5030433493853391,0.8366564445434433,1261.3647198384533,Warning
2020-05-29,2,P2-INV11,7923.781937229437,7722.157855036588,0.5030433493853391,1.026109811011095,0.0,Normal
2020-05-29,2,P2-INV12,3864.681525974026,7722.157855036588,0.5030433493853391,0.500466527429685,3857.4763290625624,Critical
2020-05-29,2,P2-INV13,7892.369771062271,7722.157855036588,0.5030433493853391,1.0220420145794697,0.0,Normal
2020-05-29,2,P2-INV14,5953.197954545454,7722.157855036588,0.5030433493853391,0.7709241466311941,1768.9599004911342,Warning
2020-05-29,2,P2-INV15,716.2442099567099,724.8256146954374,0.25298844176512536,0.9881607319543567,8.581404738727429,Normal
2020-05-29,2,P2-INV16,8042.850248917749,7722.157855036588,0.5030433493853391,1.041528857594124,0.0,Normal
2020-05-29,2,P2-INV17,6915.946147186147,7722.157855036588,0.5030433493853391,0.8955976136482875,806.2117078504416,Warning
2020-05-29,2,P2-INV18,7220.438041125541,7722.157855036588,0.5030433493853391,0.9350285472882669,501.7198139110478,Normal
2020-05-29,2,P2-INV19,7319.044913419913,7722.157855036588,0.5030433493853391,0.9477978889859452,403.112941616675,Normal
2020-05-29,2,P2-INV20,4882.488917748918,7722.157855036588,0.5030433493853391,0.632270022111039,2839.668937287671,Critical
2020-05-29,2,P2-INV21,741.7738095238095,724.8256146954374,0.25298844176512536,1.0233824446663542,0.0,Normal
2020-05-29,2,P2-INV22,5234.498507326007,7722.157855036588,0.5030433493853391,0.6778543776998722,2487.6593477105816,Critical
2020-05-30,1,P1-INV01,6732.842856975,7197.188325295335,0.473313542126708,0.9354823790440026,464.3454683203345,Normal
2020-05-30,1,P1-INV02,7320.59419606,7197.188325295335,0.473313542126708,1.017146400120022,0.0,Normal
2020-05-30,1,P1-INV03,7278.608035675,7197.188325295335,0.473313542126708,1.0113127108392463,0.0,Normal
2020-05-30,1,P1-INV04,7101.66651781,7197.188325295335,0.473313542126708,0.9867278994007128,95.52180748533465,Normal
2020-05-30,1,P1-INV05,7288.0080357525,7197.188325295335,0.473313542126708,1.0126187764377332,0.0,Normal
2020-05-30,1,P1-INV06,7230.4558036225,7197.188325295335,0.473313542126708,1.004622288152478,0.0,Normal
2020-05-30,1,P1-INV07,7085.787053825,7197.188325295335,0.473313542126708,0.9845215566919651,111.4012714703349,Normal
2020-05-30,1,P1-INV08,7222.65624986,7197.188325295335,0.473313542126708,1.0035385936026093,0.0,Normal
2020-05-30,1,P1-INV09,7274.58526775,7197.188325295335,0.473313542126708,1.0107537748015631,0.0,Normal
2020-05-30,1,P1-INV10,7189.8660712500005,7197.188325295335,0.473313542126708,0.9989826229751972,7.322254045334375,Normal
2020-05-30,1,P1-INV11,7408.9183037825,7197.188325295335,0.473313542126708,1.0294184296585676,0.0,Normal
2020-05-30,1,P1-INV12,6624.4026783975005,7197.188325295335,0.473313542126708,0.920415359302922,572.7856468978343,Normal
2020-05-30,1,P1-INV13,7327.220535775,7197.188325295335,0.473313542126708,1.0180670846172877,0.0,Normal
2020-05-30,1,P1-INV14,7102.9410714000005,7197.188325295335,0.473313542126708,0.9869049898883302,94.24725389533432,Normal
2020-05-30,1,P1-INV15,7288.6660714275,7197.188325295335,0.473313542126708,1.0127102059856703,0.0,Normal
2020-05-30,1,P1-INV16,7342.28125006,7197.188325295335,0.473313542126708,1.0201596676655966,0.0,Normal
2020-05-30,1,P1-INV17,7184.958035665,7197.188325295335,0.473313542126708,0.9983006850623389,12.230289630334482,Normal
2020-05-30,1,P1-INV18,7298.1049106925,7197.188325295335,0.473313542126708,1.01402166802312,0.0,Normal
2020-05-30,1,P1-INV19,7260.870982175,7197.188325295335,0.473313542126708,1.0088482687962805,0.0,Normal
2020-05-30,1,P1-INV20,7122.305357075,7197.188325295335,0.473313542126708,0.9895955246916146,74.88296822033499,Normal
2020-05-30,1,P1-INV21,7352.7080354,7197.188325295335,0.473313542126708,1.021608398040395,0.0,Normal
2020-05-30,1,P1-INV22,7244.3714288325,7197.188325295335,0.473313542126708,1.0065557689203901,0.0,Normal
2020-05-30,2,P2-INV01,8108.890238095239,7894.389281710889,0.537798575979788,1.0271713173406953,0.0,Normal
2020-05-30,2,P2-INV02,7128.823928571429,7894.389281710889,0.537798575979788,0.9030241193054588,765.5653531394601,Normal
2020-05-30,2,P2-INV03,7938.305833333333,7894.389281710889,0.537798575979788,1.0055630081131401,0.0,Normal
2020-05-30,2,P2-INV04,5453.762023809523,7894.389281710889,0.537798575979788,0.6908402701199924,2440.6272579013657,Critical
2020-05-30,2,P2-INV05,8165.939047619047,7894.389281710889,0.537798575979788,1.0343978180221318,0.0,Normal
2020-05-30,2,P2-INV06,7719.934166666667,7894.389281710889,0.537798575979788,0.9779013792177204,174.4551150442221,Normal
2020-05-30,2,P2-INV07,7895.047976190476,7894.389281710889,0.537798575979788,1.0000834383073955,0.0,Normal
2020-05-30,2,P2-INV08,8160.056785714286,7894.389281710889,0.537798575979788,1.0336526987108268,0.0,Normal
2020-05-30,2,P2-INV09,7952.549523809524,7894.389281710889,0.537798575979788,1.0073672883389948,0.0,Normal
2020-05-30,2,P2-INV10,4002.045714285714,7894.389281710889,0.537798575979788,0.5069481085202302,3892.343567425175,Critical
2020-05-30,2,P2-INV11,8007.648928571429,7894.389281710889,0.537798575979788,1.0143468535460913,0.0,Normal
2020-05-30,2,P2-INV12,3876.8815476190475,7894.389281710889,0.537798575979788,0.4910932827445825,4017.5077340918415,Critical
2020-05-30,2,P2-INV13,5235.1711904761905,7894.389281710889,0.537798575979788,0.6631508788912438,2659.2180912346985,Critical
2020-05-30,2,P2-INV14,4677.996428571429,7894.389281710889,0.537798575979788,0.5925723018763528,3216.3928531394604,Critical
2020-05-30,2,P2-INV15,7956.59869047619,7894.389281710889,0.537798575979788,1.0078802053642608,0.0,Normal
2020-05-30,2,P2-INV16,8206.384285714286,7894.389281710889,0.537798575979788,1.0395211070634942,0.0,Normal
2020-05-30,2,P2-INV17,3631.1939285714284,7894.389281710889,0.537798575979788,0.4599714808824918,4263.195353139461,Critical
2020-05-30,2,P2-INV18,7770.270595238095,7894.389281710889,0.537798575979788,0.9842776075458626,124.11868647279425,Normal
2020-05-30,2,P2-INV19,7521.369642857143,7894.389281710889,0.537798575979788,0.9527487655418857,373.0196388537461,Normal
2020-05-30,2,P2-INV20,6540.830357142857,7894.389281710889,0.537798575979788,0.8285416545515619,1353.5589245680321,Warning
2020-05-30,2,P2-INV21,8038.843095238095,7894.389281710889,0.537798575979788,1.0182982886164311,0.0,Normal
2020-05-30,2,P2-INV22,5043.625238095238,7894.389281710889,0.537798575979788,0.6388873234032073,2850.7640436156507,Critical
2020-05-31,1,P1-INV01,5699.0964285725,5933.284944707811,0.380738951595031,0.9605297034749368,234.18851613531024,Normal
2020-05-31,1,P1-INV02,5834.069642775,5933.284944707811,0.380738951595031,0.9832781835260911,99.21530193281069,Normal
2020-05-31,1,P1-INV03,5859.195089325,5933.284944707811,0.380738951595031,0.987512843884416,74.08985538281104,Normal
2020-05-31,1,P1-INV04,5826.985268,5933.284944707811,0.380738951595031,0.9820841780399197,106.29967670781025,Normal
2020-05-31,1,P1-INV05,6132.9571430325,5933.284944707811,0.380738951595031,1.0336528921475088,0.0,Normal
2020-05-31,1,P1-INV06,6108.966071425,5933.284944707811,0.380738951595031,1.0296094201364605,0.0,Normal
2020-05-31,1,P1-INV07,5843.726785625,5933.284944707811,0.380738951595031,0.9849058051454799,89.55815908281056,Normal
2020-05-31,1,P1-INV08,5890.3227678250005,5933.284944707811,0.380738951595031,0.9927591246193005,42.96217688281013,Normal
2020-05-31,1,P1-INV09,6124.8991071,5933.284944707811,0.380738951595031,1.0322947851279416,0.0,Normal
2020-05-31,1,P1-INV10,5763.7303571475,5933.284944707811,0.380738951595031,0.9714231510638058,169.5545875603102,Normal
2020-05-31,1,P1-INV11,5942.85267855,5933.284944707811,0.380738951595031,1.001612552562594,0.0,Normal
2020-05-31,1,P1-INV12,5592.90446436,5933.284944707811,0.380738951595031,0.9426320354542532,340.3804803478106,Normal
2020-05-31,1,P1-INV13,5903.5937499775,5933.284944707811,0.380738951595031,0.9949958252457108,29.6911947303106,Normal
2020-05-31,1,P1-INV14,5958.577232285,5933.284944707811,0.380738951595031,1.0042627798618957,0.0,Normal
2020-05-31,1,P1-INV15,5851.7116070975,5933.284944707811,0.380738951595031,0.9862515725486823,81.57333761031077,Normal
2020-05-31,1,P1-INV16,5895.6700892750005,5933.284944707811,0.380738951595031,0.9936603659215186,37.614855432810145,Normal
2020-05-31,1,P1-INV17,5945.1218750650005,5933.284944707811,0.380738951595031,1.0019950045324804,0.0,Normal
2020-05-31,1,P1-INV18,6055.2124998825,5933.284944707811,0.380738951595031,1.0205497555419858,0.0,Normal
2020-05-31,1,P1-INV19,6262.69151785,5933.284944707811,0.380738951595031,1.0555184145396563,0.0,Normal
2020-05-31,1,P1-INV20,6228.4906251,5933.284944707811,0.380738951595031,1.049754172122729,0.0,Normal
2020-05-31,1,P1-INV21,5896.3901785925,5933.284944707811,0.380738951595031,0.9937817302794097,36.89476611531063,Normal
2020-05-31,1,P1-INV22,6062.3058038,5933.284944707811,0.380738951595031,1.0217452659520878,0.0,Normal
2020-05-31,2,P2-INV01,6605.05238095238,6387.465215283941,0.43174200836345344,1.0340647124226674,0.0,Normal
2020-05-31,2,P2-INV02,6261.268095238095,6387.465215283941,0.43174200836345344,0.9802430047299701,126.19712004584562,Normal
2020-05-31,2,P2-INV03,6374.081428571429,6387.465215283941,0.43174200836345344,0.9979046795150466,13.38378671251212,Normal
2020-05-31,2,P2-INV04,5987.033214285714,6387.465215283941,0.43174200836345344,0.9373097171566473,400.4320009982266,Normal
2020-05-31,2,P2-INV05,6597.6221428571425,6387.465215283941,0.43174200836345344,1.0329014594193544,0.0,Normal
2020-05-31,2,P2-INV06,6163.598333333332,6387.465215283941,0.43174200836345344,0.964952156386709,223.86688195060833,Normal
2020-05-31,2,P2-INV07,6299.362976190476,6387.465215283941,0.43174200836345344,0.9862070107430638,88.10223909346496,Normal
2020-05-31,2,P2-INV08,6565.449761904762,6387.465215283941,0.43174200836345344,1.027864660021152,0.0,Normal
2020-05-31,2,P2-INV09,6416.678809523809,6387.465215283941,0.43174200836345344,1.0045735817347334,0.0,Normal
2020-05-31,2,P2-INV10,6213.681428571428,6387.465215283941,0.43174200836345344,0.9727929967748893,173.78378671251266,Normal
2020-05-31,2,P2-INV11,6506.312976190477,6387.465215283941,0.43174200836345344,1.0186064044031358,0.0,Normal
2020-05-31,2,P2-INV12,5353.001785714286,6387.465215283941,0.43174200836345344,0.8380478961992014,1034.463429569655,Warning
2020-05-31,2,P2-INV13,6520.155357142857,6387.465215283941,0.43174200836345344,1.0207735208547852,0.0,Normal
2020-05-31,2,P2-INV14,1408.5533333333333,6387.465215283941,0.43174200836345344,0.22051835679088222,4978.9118819506075,Critical
2020-05-31,2,P2-INV15,6473.945714285714,6387.465215283941,0.43174200836345344,1.0135390951006422,0.0,Normal
2020-05-31,2,P2-INV16,6587.369404761905,6387.465215283941,0.43174200836345344,1.0312963253403922,0.0,Normal
2020-05-31,2,P2-INV17,6509.419047619048,6387.465215283941,0.43174200836345344,1.0190926804647478,0.0,Normal
2020-05-31,2,P2-INV18,6271.805357142857,6387.465215283941,0.43174200836345344,0.9818926828964434,115.65985814108353,Normal
2020-05-31,2,P2-INV19,6183.837619047619,6387.465215283941,0.43174200836345344,0.9681207506619244,203.62759623632155,Normal
2020-05-31,2,P2-INV20,6431.754761904762,6387.465215283941,0.43174200836345344,1.00693382196663,0.0,Normal
2020-05-31,2,P2-INV21,6461.914285714286,6387.465215283941,0.43174200836345344,1.0116554952428083,0.0,Normal
2020-05-31,2,P2-INV22,6418.12,6387.465215283941,0.43174200836345344,1.004799209652478,0.0,Normal
2020-06-01,1,P1-INV01,5462.2177083999995,5737.594856826332,0.38885804841430194,0.9520047763395666,275.3771484263325,Normal
2020-06-01,1,P1-INV02,5974.658482225,5737.594856826332,0.38885804841430194,1.041317595841857,0.0,Normal
2020-06-01,1,P1-INV03,5926.23616065,5737.594856826332,0.38885804841430194,1.0328781150518551,0.0,Normal
2020-06-01,1,P1-INV04,5737.0861604625,5737.594856826332,0.38885804841430194,0.9999113397901863,0.5086963638323141,Normal
2020-06-01,1,P1-INV05,5936.84866057,5737.594856826332,0.38885804841430194,1.0347277576607914,0.0,Normal
2020-06-01,1,P1-INV06,5837.34717235,5737.594856826332,0.38885804841430194,1.0173857370575734,0.0,Normal
2020-06-01,1,P1-INV07,5786.47857135,5737.594856826332,0.38885804841430194,1.0085198965321693,0.0,Normal
2020-06-01,1,P1-INV08,5743.6592262,5737.594856826332,0.38885804841430194,1.0010569532225604,0.0,Normal
2020-06-01,1,P1-INV09,5841.6190476775,5737.594856826332,0.38885804841430194,1.0181302781822255,0.0,Normal
2020-06-01,1,P1-INV10,5749.1866070125,5737.594856826332,0.38885804841430194,1.002020315214898,0.0,Normal
2020-06-01,1,P1-INV11,6113.486011675,5737.594856826332,0.38885804841430194,1.0655137151068534,0.0,Normal
2020-06-01,1,P1-INV12,5292.882738145,5737.594856826332,0.38885804841430194,0.9224915439694678,444.71211868133196,Normal
2020-06-01,1,P1-INV13,5761.77113096,5737.594856826332,0.38885804841430194,1.0042136600329847,0.0,Normal
2020-06-01,1,P1-INV14,5661.273214325,5737.594856826332,0.38885804841430194,0.986697972860435,76.32164250133246,Normal
2020-06-01,1,P1-INV15,5458.87633927,5737.594856826332,0.38885804841430194,0.9514224122630888,278.7185175563318,Normal
2020-06-01,1,P1-INV16,5624.950892685,5737.594856826332,0.38885804841430194,0.9803673896550376,112.64396414133171,Normal
2020-06-01,1,P1-INV17,5730.14836334,5737.594856826332,0.38885804841430194,0.9987021576684746,7.446493486331747,Normal
2020-06-01,1,P1-INV18,5530.24598206,5737.594856826332,0.38885804841430194,0.9638613600401503,207.3488747663323,Normal
2020-06-01,1,P1-INV19,5843.87303565,5737.594856826332,0.38885804841430194,1.018523123621603,0.0,Normal
2020-06-01,1,P1-INV20,5825.0461607875,5737.594856826332,0.38885804841430194,1.0152418053458625,0.0,Normal
2020-06-01,1,P1-INV21,5774.603720065,5737.594856826332,0.38885804841430194,1.0064502398935742,0.0,Normal
2020-06-01,1,P1-INV22,5714.5416668,5737.594856826332,0.38885804841430194,0.995982081237593,23.05319002633223,Normal
2020-06-01,2,P2-INV01,4206.381785714286,3996.3047929920044,0.3825207584470588,1.0525678104159313,0.0,Normal
2020-06-01,2,P2-INV02,4042.840119047619,3996.3047929920044,0.3825207584470588,1.0116445888054433,0.0,Normal
2020-06-01,2,P2-INV03,4009.8567857142857,3996.3047929920044,0.3825207584470588,1.0033911309132493,0.0,Normal
2020-06-01,2,P2-INV04,3882.203571428571,3996.3047929920044,0.3825207584470588,0.9714483185157641,114.10122156343323,Normal
2020-06-01,2,P2-INV05,4096.068928571429,3996.3047929920044,0.3825207584470588,1.0249640957702657,0.0,Normal
2020-06-01,2,P2-INV06,3768.850952380952,3996.3047929920044,0.3825207584470588,0.9430839607104243,227.45384061105233,Normal
2020-06-01,2,P2-INV07,3859.132380952381,3996.3047929920044,0.3825207584470588,0.9656751876683252,137.1724120396234,Normal
2020-06-01,2,P2-INV08,4190.193928571429,3996.3047929920044,0.3825207584470588,1.0485171040806076,0.0,Normal
2020-06-01,2,P2-INV09,3983.1955952380954,3996.3047929920044,0.3825207584470588,0.9967196701870944,13.10919775390903,Normal
2020-06-01,2,P2-INV10,3978.9139285714286,3996.3047929920044,0.3825207584470588,0.9956482637532871,17.39086442057578,Normal
2020-06-01,2,P2-INV11,4099.242261904761,3996.3047929920044,0.3825207584470588,1.0257581626639865,0.0,Normal
2020-06-01,2,P2-INV12,3529.3873809523807,3996.3047929920044,0.3825207584470588,0.883162712499202,466.91741203962374,Warning
2020-06-01,2,P2-INV13,4131.488452380952,3996.3047929920044,0.3825207584470588,1.0338271644410129,0.0,Normal
2020-06-01,2,P2-INV14,3858.189761904762,3996.3047929920044,0.3825207584470588,0.9654393150068423,138.11503108724264,Normal
2020-06-01,2,P2-INV15,4033.597738095238,3996.3047929920044,0.3825207584470588,1.0093318570617114,0.0,Normal
2020-06-01,2,P2-INV16,4205.528452380952,3996.3047929920044,0.3825207584470588,1.0523542798226617,0.0,Normal
2020-06-01,2,P2-INV17,4142.131309523809,3996.3047929920044,0.3825207584470588,1.0364903389720246,0.0,Normal
2020-06-01,2,P2-INV18,3674.0274999999997,3996.3047929920044,0.3825207584470588,0.9193561778478068,322.27729299200473,Normal
2020-06-01,2,P2-INV19,3706.2807142857146,3996.3047929920044,0.3825207584470588,0.9274269372008658,290.02407870628986,Normal
2020-06-01,2,P2-INV20,4104.712023809523,3996.3047929920044,0.3825207584470588,1.0271268675521505,0.0,Normal
2020-06-01,2,P2-INV21,4010.830833333333,3996.3047929920044,0.3825207584470588,1.003634867982743,0.0,Normal
2020-06-01,2,P2-INV22,4046.3440476190476,3996.3047929920044,0.3825207584470588,1.0125213809304017,0.0,Normal
2020-06-02,1,P1-INV01,6958.095982225,7321.216694789863,0.48432657237272725,0.9504015892845682,363.1207125648634,Normal
2020-06-02,1,P1-INV02,7294.50491076,7321.216694789863,0.48432657237272725,0.9963514556195457,26.711784029863338,Normal
2020-06-02,1,P1-INV03,7318.4321430025,7321.216694789863,0.48432657237272725,0.99961965996863,2.7845517873629433,Normal
2020-06-02,1,P1-INV04,7194.3218746249995,7321.216694789863,0.48432657237272725,0.9826675229739931,126.89482016486363,Normal
2020-06-02,1,P1-INV05,7567.9745535825,7321.216694789863,0.48432657237272725,1.0337044878029962,0.0,Normal
2020-06-02,1,P1-INV06,7388.7750001175,7321.216694789863,0.48432657237272725,1.0092277428935705,0.0,Normal
2020-06-02,1,P1-INV07,7144.216964315,7321.216694789863,0.48432657237272725,0.9758237274139386,176.9997304748631,Normal
2020-06-02,1,P1-INV08,7365.8991070975,7321.216694789863,0.48432657237272725,1.0061031402525533,0.0,Normal
2020-06-02,1,P1-INV09,7508.882142825,7321.216694789863,0.48432657237272725,1.0256330956804884,0.0,Normal
2020-06-02,1,P1-INV10,7280.354910835,7321.216694789863,0.48432657237272725,0.9944187167709512,40.86178395486331,Normal
2020-06-02,1,P1-INV11,7413.2906250675005,7321.216694789863,0.48432657237272725,1.0125763154016685,0.0,Normal
2020-06-02,1,P1-INV12,6791.770982025,7321.216694789863,0.48432657237272725,0.9276833708334787,529.445712764863,Normal
2020-06-02,1,P1-INV13,7408.889732135,7321.216694789863,0.48432657237272725,1.0119752004345848,0.0,Normal
2020-06-02,1,P1-INV14,7300.436160615,7321.216694789863,0.48432657237272725,0.9971616009959585,20.780534174863533,Normal
2020-06-02,1,P1-INV15,7318.1375000725,7321.216694789863,0.48432657237272725,0.9995794148915775,3.0791947173629524,Normal
2020-06-02,1,P1-INV16,7291.1674108,7321.216694789863,0.48432657237272725,0.9958955887740288,30.049283989863397,Normal
2020-06-02,1,P1-INV17,7402.5125000525,7321.216694789863,0.48432657237272725,1.0111041386495896,0.0,Normal
2020-06-02,1,P1-INV18,7424.6651785925,7321.216694789863,0.48432657237272725,1.014129957917549,0.0,Normal
2020-06-02,1,P1-INV19,7475.775000075,7321.216694789863,0.48432657237272725,1.0211110136099548,0.0,Normal
2020-06-02,1,P1-INV20,7419.612053575,7321.216694789863,0.48432657237272725,1.013439755014376,0.0,Normal
2020-06-02,1,P1-INV21,7359.75535689,7321.216694789863,0.48432657237272725,1.0052639695977805,0.0,Normal
2020-06-02,1,P1-INV22,7402.62946421,7321.216694789863,0.48432657237272725,1.0111201147041686,0.0,Normal
2020-06-02,2,P2-INV01,7347.3284523809525,7712.930690594821,0.4929129069469109,0.9525987911884538,365.6022382138681,Normal
2020-06-02,2,P2-INV02,3869.812857142857,7712.930690594821,0.4929129069469109,0.5017305369879341,3843.1178334519636,Critical
2020-06-02,2,P2-INV03,7044.037023809524,7712.930690594821,0.4929129069469109,0.9132763285944021,668.8936667852968,Normal
2020-06-02,2,P2-INV04,5425.4158333333335,7712.930690594821,0.4929129069469109,0.7034182013263918,2287.514857261487,Critical
2020-06-02,2,P2-INV05,7320.189523809524,7712.930690594821,0.4929129069469109,0.9490801638780176,392.7411667852966,Normal
2020-06-02,2,P2-INV06,4799.646190476191,7712.930690594821,0.4929129069469109,0.6222856632601275,2913.2845001186297,Critical
2020-06-02,2,P2-INV07,3817.100952380952,7712.930690594821,0.4929129069469109,0.49489631185659955,3895.8297382138685,Critical
2020-06-02,2,P2-INV08,7287.450238095238,7712.930690594821,0.4929129069469109,0.9448354368050507,425.4804524995825,Normal
2020-06-02,2,P2-INV09,7073.571666666667,7712.930690594821,0.4929129069469109,0.9171055660194392,639.3590239281539,Normal
2020-06-02,2,P2-INV10,5989.607738095238,7712.930690594821,0.4929129069469109,0.7765670376629976,1723.3229524995822,Warning
2020-06-02,2,P2-INV11,7169.032261904762,7712.930690594821,0.4929129069469109,0.9294822616060467,543.8984286900586,Normal
2020-06-02,2,P2-INV12,4907.752976190476,7712.930690594821,0.4929129069469109,0.6363019678337068,2805.1777144043444,Critical
2020-06-02,2,P2-INV13,6193.1792857142855,7712.930690594821,0.4929129069469109,0.8029605780415314,1519.7514048805351,Warning
2020-06-02,2,P2-INV14,3833.8470238095238,7712.930690594821,0.4929129069469109,0.4970674802620141,3879.083666785297,Critical
2020-06-02,2,P2-INV15,7148.52130952381,7712.930690594821,0.4929129069469109,0.9268229673372724,564.409381071011,Normal
2020-06-02,2,P2-INV16,7077.01,7712.930690594821,0.4929129069469109,0.9175513541992196,635.9206905948204,Normal
2020-06-02,2,P2-INV17,6262.365119047619,7712.930690594821,0.4929129069469109,0.8119306876028295,1450.5655715472012,Warning
2020-06-02,2,P2-INV18,3711.1390476190477,7712.930690594821,0.4929129069469109,0.48115809625314354,4001.791642975773,Critical
2020-06-02,2,P2-INV19,3861.255833333333,7712.930690594821,0.4929129069469109,0.5006210982865131,3851.6748572614874,Critical
2020-06-02,2,P2-INV20,3743.950595238095,7712.930690594821,0.4929129069469109,0.485412192255725,3968.9800953567255,Critical
2020-06-02,2,P2-INV21,7114.697142857142,7712.930690594821,0.4929129069469109,0.9224375828416083,598.2335477376782,Normal
2020-06-02,2,P2-INV22,5439.562619047619,7712.930690594821,0.4929129069469109,0.7052523660922616,2273.368071547202,Critical
2020-06-03,1,P1-INV01,6988.15446444,7414.992299547118,0.4848700689020105,0.9424358356874912,426.8378351071178,Normal
2020-06-03,1,P1-INV02,7505.7638394075,7414.992299547118,0.4848700689020105,1.01224162294355,0.0,Normal
2020-06-03,1,P1-INV03,7468.6802083975,7414.992299547118,0.4848700689020105,1.0072404537565953,0.0,Normal
2020-06-03,1,P1-INV04,7356.233928475,7414.992299547118,0.4848700689020105,0.992075734040114,58.75837107211828,Normal
2020-06-03,1,P1-INV05,7633.1620536775,7414.992299547118,0.4848700689020105,1.0294227890356282,0.0,Normal
2020-06-03,1,P1-INV06,7513.7077383000005,7414.992299547118,0.4848700689020105,1.0133129522951645,0.0,Normal
2020-06-03,1,P1-INV07,7317.3833333025,7414.992299547118,0.4848700689020105,0.9868362686970586,97.60896624461748,Normal
2020-06-03,1,P1-INV08,7409.3093752275,7414.992299547118,0.4848700689020105,0.9992335899903814,5.682924319617996,Normal
2020-06-03,1,P1-INV09,7521.417113025,7414.992299547118,0.4848700689020105,1.0143526532703724,0.0,Normal
2020-06-03,1,P1-INV10,7404.4919641425,7414.992299547118,0.4848700689020105,0.9985839047458945,10.500335404617545,Normal
2020-06-03,1,P1-INV11,7613.6473216475,7414.992299547118,0.4848700689020105,1.0267909950644878,0.0,Normal
2020-06-03,1,P1-INV12,6871.0312501675,7414.992299547118,0.4848700689020105,0.9266403756868579,543.9610493796181,Normal
2020-06-03,1,P1-INV13,7459.0611605725,7414.992299547118,0.4848700689020105,1.005943210625866,0.0,Normal
2020-06-03,1,P1-INV14,7314.3952378,7414.992299547118,0.4848700689020105,0.986433288440062,100.59706174711755,Normal
2020-06-03,1,P1-INV15,7447.6459819525,7414.992299547118,0.4848700689020105,1.0044037378713633,0.0,Normal
2020-06-03,1,P1-INV16,7415.6107145425,7414.992299547118,0.4848700689020105,1.0000834006254355,0.0,Normal
2020-06-03,1,P1-INV17,7453.15267884,7414.992299547118,0.4848700689020105,1.005146381513466,0.0,Normal
2020-06-03,1,P1-INV18,7474.23482156,7414.992299547118,0.4848700689020105,1.0079895594789088,0.0,Normal
2020-06-03,1,P1-INV19,7537.250892915,7414.992299547118,0.4848700689020105,1.0164880270172836,0.0,Normal
2020-06-03,1,P1-INV20,7497.2991074525,7414.992299547118,0.4848700689020105,1.011100053052032,0.0,Normal
2020-06-03,1,P1-INV21,7493.328124705,7414.992299547118,0.4848700689020105,1.0105645187470615,0.0,Normal
2020-06-03,1,P1-INV22,7430.3736608075,7414.992299547118,0.4848700689020105,1.0020743597078747,0.0,Normal
2020-06-03,2,P2-INV01,5795.5522619047615,5586.488571199468,0.3669016688587995,1.0374230946758036,0.0,Normal
2020-06-03,2,P2-INV02,4604.624285714285,5586.488571199468,0.3669016688587995,0.8242430333524573,981.8642854851832,Warning
2020-06-03,2,P2-INV03,4014.6384523809525,5586.488571199468,0.3669016688587995,0.7186336105792792,1571.850118818516,Critical
2020-06-03,2,P2-INV04,3769.1467857142857,5586.488571199468,0.3669016688587995,0.6746897872745521,1817.3417854851828,Critical
2020-06-03,2,P2-INV05,5704.91630952381,5586.488571199468,0.3669016688587995,1.0211989583107506,0.0,Normal
2020-06-03,2,P2-INV06,3815.883214285714,5586.488571199468,0.3669016688587995,0.683055763142179,1770.6053569137543,Critical
2020-06-03,2,P2-INV07,3965.662619047619,5586.488571199468,0.3669016688587995,0.7098667738250033,1620.8259521518494,Critical
2020-06-03,2,P2-INV08,4816.191785714285,5586.488571199468,0.3669016688587995,0.8621143182040389,770.2967854851831,Warning
2020-06-03,2,P2-INV09,5228.143095238095,5586.488571199468,0.3669016688587995,0.9358549701848878,358.34547596137327,Normal
2020-06-03,2,P2-INV10,3490.6664285714287,5586.488571199468,0.3669016688587995,0.6248408788603235,2095.8221426280397,Critical
2020-06-03,2,P2-INV11,5715.3075,5586.488571199468,0.3669016688587995,1.0230590159021613,0.0,Normal
2020-06-03,2,P2-INV12,3412.9728571428573,5586.488571199468,0.3669016688587995,0.6109334716512383,2173.515714056611,Critical
2020-06-03,2,P2-INV13,4008.077142857143,5586.488571199468,0.3669016688587995,0.7174591143925984,1578.4114283423255,Critical
2020-06-03,2,P2-INV14,5377.341309523809,5586.488571199468,0.3669016688587995,0.9625619458430659,209.14726167565914,Normal
2020-06-03,2,P2-INV15,5251.4669047619045,5586.488571199468,0.3669016688587995,0.9400300095189076,335.0216664375639,Normal
2020-06-03,2,P2-INV16,5193.479761904762,5586.488571199468,0.3669016688587995,0.9296501184445592,393.0088092947062,Normal
2020-06-03,2,P2-INV17,4746.603452380952,5586.488571199468,0.3669016688587995,0.8496577755213799,839.8851188185163,Warning
2020-06-03,2,P2-INV18,4078.192857142857,5586.488571199468,0.3669016688587995,0.7300100600165075,1508.2957140566114,Critical
2020-06-03,2,P2-INV19,3806.8269047619046,5586.488571199468,0.3669016688587995,0.6814346536727176,1779.6616664375638,Critical
2020-06-03,2,P2-INV20,4863.595119047619,5586.488571199468,0.3669016688587995,0.8705996722380052,722.8934521518495,Warning
2020-06-03,2,P2-INV21,5557.427261904762,5586.488571199468,0.3669016688587995,0.9947979291599148,29.061309294706007,Normal
2020-06-03,2,P2-INV22,3547.2321428571427,5586.488571199468,0.3669016688587995,0.6349663295015961,2039.2564283423258,Critical
2020-06-04,1,P1-INV01,7553.685714465,8083.993280589435,0.5235637378703141,0.9344002960272416,530.3075661244347,Normal
2020-06-04,1,P1-INV02,8173.639285825,8083.993280589435,0.5235637378703141,1.0110893220867483,0.0,Normal
2020-06-04,1,P1-INV03,8217.930357122501,8083.993280589435,0.5235637378703141,1.0165681825657455,0.0,Normal
2020-06-04,1,P1-INV04,7967.1406252525,8083.993280589435,0.5235637378703141,0.9855451815357751,116.85265533693473,Normal
2020-06-04,1,P1-INV05,8368.1312496025,8083.993280589435,0.5235637378703141,1.035148219345421,0.0,Normal
2020-06-04,1,P1-INV06,8149.6785714475,8083.993280589435,0.5235637378703141,1.008125351986101,0.0,Normal
2020-06-04,1,P1-INV07,8074.6026786675,8083.993280589435,0.5235637378703141,0.998838370889733,9.390601921934831,Normal
2020-06-04,1,P1-INV08,8098.790178525,8083.993280589435,0.5235637378703141,1.0018303946356677,0.0,Normal
2020-06-04,1,P1-INV09,8183.9397324475,8083.993280589435,0.5235637378703141,1.012363500115475,0.0,Normal
2020-06-04,1,P1-INV10,8013.0013392500005,8083.993280589435,0.5235637378703141,0.991218208764486,70.99194133943456,Normal
2020-06-04,1,P1-INV11,8335.4857143025,8083.993280589435,0.5235637378703141,1.0311099261199197,0.0,Normal
2020-06-04,1,P1-INV12,7509.7022322575,8083.993280589435,0.5235637378703141,0.9289594847003558,574.2910483319347,Normal
2020-06-04,1,P1-INV13,8271.8816963675,8083.993280589435,0.5235637378703141,1.0232420301769927,0.0,Normal
2020-06-04,1,P1-INV14,7981.1982144,8083.993280589435,0.5235637378703141,0.9872841227569724,102.79506618943469,Normal
2020-06-04,1,P1-INV15,8203.17455356,8083.993280589435,0.5235637378703141,1.0147428713550186,0.0,Normal
2020-06-04,1,P1-INV16,8176.81383929,8083.993280589435,0.5235637378703141,1.0114820182895794,0.0,Normal
2020-06-04,1,P1-INV17,8179.9125000925,8083.993280589435,0.5235637378703141,1.0118653264758863,0.0,Normal
2020-06-04,1,P1-INV18,8274.772768035,8083.993280589435,0.5235637378703141,1.0235996593297088,0.0,Normal
2020-06-04,1,P1-INV19,8229.813839435,8083.993280589435,0.5235637378703141,1.0180381840736679,0.0,Normal
2020-06-04,1,P1-INV20,8124.0589285725,8083.993280589435,0.5235637378703141,1.0049561703717973,0.0,Normal
2020-06-04,1,P1-INV21,8223.4741072975,8083.993280589435,0.5235637378703141,1.0172539513414705,0.0,Normal
2020-06-04,1,P1-INV22,8212.10223211,8083.993280589435,0.5235637378703141,1.0158472362697493,0.0,Normal
2020-06-04,2,P2-INV01,6985.894285714286,6790.356198011125,0.4360924554838081,1.0287964404224381,0.0,Normal
2020-06-04,2,P2-INV02,6104.315595238095,6790.356198011125,0.4360924554838081,0.8989683924130564,686.0406027730305,Warning
2020-06-04,2,P2-INV03,2862.7478571428574,6790.356198011125,0.4360924554838081,0.4215902338056062,3927.608340868268,Critical
2020-06-04,2,P2-INV04,2657.7039285714286,6790.356198011125,0.4360924554838081,0.3913938902571653,4132.652269439697,Critical
2020-06-04,2,P2-INV05,6915.028809523809,6790.356198011125,0.4360924554838081,1.0183602461899126,0.0,Normal
2020-06-04,2,P2-INV06,2849.4157142857143,6790.356198011125,0.4360924554838081,0.4196268400647818,3940.940483725411,Critical
2020-06-04,2,P2-INV07,2884.0192857142856,6790.356198011125,0.4360924554838081,0.4247228277301574,3906.3369122968397,Critical
2020-06-04,2,P2-INV08,6959.755952380952,6790.356198011125,0.4360924554838081,1.0249471087274395,0.0,Normal
2020-06-04,2,P2-INV09,6293.1409523809525,6790.356198011125,0.4360924554838081,0.9267762645830265,497.21524563017283,Normal
2020-06-04,2,P2-INV10,6121.379523809524,6790.356198011125,0.4360924554838081,0.9014813575762722,668.9766742016018,Normal
2020-06-04,2,P2-INV11,6887.143452380952,6790.356198011125,0.4360924554838081,1.0142536343525212,0.0,Normal
2020-06-04,2,P2-INV12,5230.040952380952,6790.356198011125,0.4360924554838081,0.7702159945472102,1560.3152456301732,Warning
2020-06-04,2,P2-INV13,3679.8167857142857,6790.356198011125,0.4360924554838081,0.5419180788766417,3110.5394122968396,Critical
2020-06-04,2,P2-INV14,3759.0864285714283,6790.356198011125,0.4360924554838081,0.553591935231977,3031.269769439697,Critical
2020-06-04,2,P2-INV15,5703.428571428572,6790.356198011125,0.4360924554838081,0.8399306906902894,1086.9276265825538,Warning
2020-06-04,2,P2-INV16,3718.626904761905,6790.356198011125,0.4360924554838081,0.5476335550484199,3071.7292932492205,Critical
2020-06-04,2,P2-INV17,3673.8630952380954,6790.356198011125,0.4360924554838081,0.5410412926959794,3116.49310277303,Critical
2020-06-04,2,P2-INV18,5597.895119047619,6790.356198011125,0.4360924554838081,0.8243890240525564,1192.4610789635062,Warning
2020-06-04,2,P2-INV19,6616.43619047619,6790.356198011125,0.4360924554838081,0.9743872040783551,173.9200075349354,Normal
2020-06-04,2,P2-INV20,6863.801309523809,6790.356198011125,0.4360924554838081,1.0108160911402846,0.0,Normal
2020-06-04,2,P2-INV21,6835.200714285714,6790.356198011125,0.4360924554838081,1.0066041478483445,0.0,Normal
2020-06-04,2,P2-INV22,6106.823452380952,6790.356198011125,0.4360924554838081,0.8993377187149066,683.5327456301729,Warning
2020-06-05,1,P1-INV01,7136.59330355,7626.612071461406,0.5015095296340579,0.9357488274846122,490.01876791140603,Normal
2020-06-05,1,P1-INV02,7607.26696455,7626.612071461406,0.5015095296340579,0.9974634730690191,19.34510691140622,Normal
2020-06-05,1,P1-INV03,7836.27500025,7626.612071461406,0.5015095296340579,1.0274909654279056,0.0,Normal
2020-06-05,1,P1-INV04,7465.208035725,7626.612071461406,0.5015095296340579,0.9788367319297153,161.4040357364065,Normal
2020-06-05,1,P1-INV05,7841.184821475,7626.612071461406,0.5015095296340579,1.0281347403018595,0.0,Normal
2020-06-05,1,P1-INV06,7680.416071425,7626.612071461406,0.5015095296340579,1.007054770776257,0.0,Normal
2020-06-05,1,P1-INV07,7645.0941964975,7626.612071461406,0.5015095296340579,1.0024233729030552,0.0,Normal
2020-06-05,1,P1-INV08,7575.992410625,7626.612071461406,0.5015095296340579,0.9933627591960755,50.61966083640618,Normal
2020-06-05,1,P1-INV09,7623.533035875,7626.612071461406,0.5015095296340579,0.9995962774089523,3.0790355864064622,Normal
2020-06-05,1,P1-INV10,7537.142857375,7626.612071461406,0.5015095296340579,0.9882688127771442,89.46921408640628,Normal
2020-06-05,1,P1-INV11,7731.880803375,7626.612071461406,0.5015095296340579,1.013802817152259,0.0,Normal
2020-06-05,1,P1-INV12,7034.635267975,7626.612071461406,0.5015095296340579,0.9223801082394673,591.9768034864064,Normal
2020-06-05,1,P1-INV13,7775.470535875,7626.612071461406,0.5015095296340579,1.0195182950199628,0.0,Normal
2020-06-05,1,P1-INV14,7356.411160775,7626.612071461406,0.5015095296340579,0.9645713052985229,270.20091068640613,Normal
2020-06-05,1,P1-INV15,7759.944642925,7626.612071461406,0.5015095296340579,1.0174825427351315,0.0,Normal
2020-06-05,1,P1-INV16,7774.676339525,7626.612071461406,0.5015095296340579,1.0194141601377165,0.0,Normal
2020-06-05,1,P1-INV17,7678.7374999,7626.612071461406,0.5015095296340579,1.0068346767804863,0.0,Normal
2020-06-05,1,P1-INV18,7825.483928325,7626.612071461406,0.5015095296340579,1.0260760420223507,0.0,Normal
2020-06-05,1,P1-INV19,7729.325446525,7626.612071461406,0.5015095296340579,1.0134677592227281,0.0,Normal
2020-06-05,1,P1-INV20,7674.9808036,7626.612071461406,0.5015095296340579,1.0063420994388306,0.0,Normal
2020-06-05,1,P1-INV21,7697.8450893,7626.612071461406,0.5015095296340579,1.0093400604581877,0.0,Normal
2020-06-05,1,P1-INV22,7787.639285675,7626.612071461406,0.5015095296340579,1.021113859300141,0.0,Normal
2020-06-05,2,P2-INV01,7682.147261904762,7466.562089983796,0.4836734559327836,1.0288734184920485,0.0,Normal
2020-06-05,2,P2-INV02,7359.804047619047,7466.562089983796,0.4836734559327836,0.9857018476404339,106.75804236474869,Normal
2020-06-05,2,P2-INV03,3306.054642857143,7466.562089983796,0.4836734559327836,0.44278137689260383,4160.507447126653,Critical
2020-06-05,2,P2-INV04,2716.1934523809523,7466.562089983796,0.4836734559327836,0.3637810038470928,4750.368637602844,Critical
2020-06-05,2,P2-INV05,7762.500476190477,7466.562089983796,0.4836734559327836,1.0396351604178948,0.0,Normal
2020-06-05,2,P2-INV06,2824.1867857142856,7466.562089983796,0.4836734559327836,0.3782445992785436,4642.37530426951,Critical
2020-06-05,2,P2-INV07,3018.7359523809523,7466.562089983796,0.4836734559327836,0.4043006561789006,4447.826137602844,Critical
2020-06-05,2,P2-INV08,7683.081428571428,7466.562089983796,0.4836734559327836,1.0289985318515047,0.0,Normal
2020-06-05,2,P2-INV09,7561.8586904761905,7466.562089983796,0.4836734559327836,1.0127631163236737,0.0,Normal
2020-06-05,2,P2-INV10,7298.4857142857145,7466.562089983796,0.4836734559327836,0.9774894558335554,168.0763756980814,Normal
2020-06-05,2,P2-INV11,7557.636666666666,7466.562089983796,0.4836734559327836,1.0121976587866381,0.0,Normal
2020-06-05,2,P2-INV12,3742.3725,7466.562089983796,0.4836734559327836,0.5012176226352283,3724.189589983796,Critical
2020-06-05,2,P2-INV13,7294.769047619047,7466.562089983796,0.4836734559327836,0.9769916810046749,171.79304236474854,Normal
2020-06-05,2,P2-INV14,3378.644523809524,7466.562089983796,0.4836734559327836,0.45250337211310276,4087.917566174272,Critical
2020-06-05,2,P2-INV15,7529.623095238096,7466.562089983796,0.4836734559327836,1.008445788636633,0.0,Normal
2020-06-05,2,P2-INV16,7661.061071428571,7466.562089983796,0.4836734559327836,1.0260493355711446,0.0,Normal
2020-06-05,2,P2-INV17,7420.349642857143,7466.562089983796,0.4836734559327836,0.9938107462886239,46.21244712665248,Normal
2020-06-05,2,P2-INV18,2854.919761904762,7466.562089983796,0.4836734559327836,0.38236068052451666,4611.642328079034,Critical
2020-06-05,2,P2-INV19,2907.3522619047617,7466.562089983796,0.4836734559327836,0.3893829886990294,4559.209828079034,Critical
2020-06-05,2,P2-INV20,3378.258333333333,7466.562089983796,0.4836734559327836,0.4524516494499097,4088.3037566504627,Critical
2020-06-05,2,P2-INV21,7717.586071428572,7466.562089983796,0.4836734559327836,1.0336197541009562,0.0,Normal
2020-06-05,2,P2-INV22,7352.804642857142,7466.562089983796,0.4836734559327836,0.9847644142303114,113.75744712665346,Normal
2020-06-06,1,P1-INV01,5896.0205356075,6311.410627011215,0.45028475235636767,0.9341842710049713,415.3900914037149,Normal
2020-06-06,1,P1-INV02,6478.2348214075,6311.410627011215,0.45028475235636767,1.0264321566532717,0.0,Normal
2020-06-06,1,P1-INV03,6438.616071475,6311.410627011215,0.45028475235636767,1.020154835738207,0.0,Normal
2020-06-06,1,P1-INV04,6370.3370536,6311.410627011215,0.45028475235636767,1.0093364906945834,0.0,Normal
2020-06-06,1,P1-INV05,6380.28794655,6311.410627011215,0.45028475235636767,1.010913141864674,0.0,Normal
2020-06-06,1,P1-INV06,6424.959374975,6311.410627011215,0.45028475235636767,1.0179910252516016,0.0,Normal
2020-06-06,1,P1-INV07,6307.543303575,6311.410627011215,0.45028475235636767,0.9993872489583131,3.867323436214974,Normal
2020-06-06,1,P1-INV08,6278.1446430025,6311.410627011215,0.45028475235636767,0.9947292315498621,33.26598400871535,Normal
2020-06-06,1,P1-INV09,6236.3232142675,6311.410627011215,0.45028475235636767,0.9881029111903509,75.0874127437155,Normal
2020-06-06,1,P1-INV10,6226.7415178675,6311.410627011215,0.45028475235636767,0.9865847566974405,84.6691091437151,Normal
2020-06-06,1,P1-INV11,6581.1254464825,6311.410627011215,0.45028475235636767,1.042734474970932,0.0,Normal
2020-06-06,1,P1-INV12,5843.7549106275,6311.410627011215,0.45028475235636767,0.9259031389302624,467.6557163837151,Normal
2020-06-06,1,P1-INV13,6412.18392855,6311.410627011215,0.45028475235636767,1.015966842833439,0.0,Normal
2020-06-06,1,P1-INV14,6132.727678725,6311.410627011215,0.45028475235636767,0.9716889046132575,178.68294828621492,Normal
2020-06-06,1,P1-INV15,6345.13794654,6311.410627011215,0.45028475235636767,1.0053438639191752,0.0,Normal
2020-06-06,1,P1-INV16,6371.043750075,6311.410627011215,0.45028475235636767,1.009448461934733,0.0,Normal
2020-06-06,1,P1-INV17,6316.8955357475,6311.410627011215,0.45028475235636767,1.0008690464082326,0.0,Normal
2020-06-06,1,P1-INV18,6509.14732144,6311.410627011215,0.45028475235636767,1.0313300316069633,0.0,Normal
2020-06-06,1,P1-INV19,6282.0611606075,6311.410627011215,0.45028475235636767,0.9953497770723224,29.34946640371527,Normal
2020-06-06,1,P1-INV20,6204.9843752025,6311.410627011215,0.45028475235636767,0.9831374857225675,106.42625180871528,Normal
2020-06-06,1,P1-INV21,6368.868303725,6311.410627011215,0.45028475235636767,1.0091037772867892,0.0,Normal
2020-06-06,1,P1-INV22,6480.7232143,6311.410627011215,0.45028475235636767,1.0268264255480655,0.0,Normal
2020-06-06,2,P2-INV01,8321.156071428572,8434.677210520376,0.5500206800122035,0.9865411400746655,113.5211390918048,Normal
2020-06-06,2,P2-INV02,8176.760357142857,8434.677210520376,0.5500206800122035,0.9694218466290773,257.91685337751915,Normal
2020-06-06,2,P2-INV03,8139.4460714285715,8434.677210520376,0.5500206800122035,0.9649979327337423,295.23113909180483,Normal
2020-06-06,2,P2-INV04,2257.7608333333333,8434.677210520376,0.5500206800122035,0.2676760209053739,6176.916377187043,Critical
2020-06-06,2,P2-INV05,8262.742976190477,8434.677210520376,0.5500206800122035,0.9796157896694079,171.93423432989948,Normal
2020-06-06,2,P2-INV06,3454.365119047619,8434.677210520376,0.5500206800122035,0.4095432501837853,4980.312091472757,Critical
2020-06-06,2,P2-INV07,4646.36130952381,8434.677210520376,0.5500206800122035,0.5508641520660105,3788.3159009965666,Critical
2020-06-06,2,P2-INV08,8233.34761904762,8434.677210520376,0.5500206800122035,0.9761307295527987,201.32959147275687,Normal
2020-06-06,2,P2-INV09,8121.954880952381,8434.677210520376,0.5500206800122035,0.9629242089812348,312.7223295679951,Normal
2020-06-06,2,P2-INV10,2157.6664285714287,8434.677210520376,0.5500206800122035,0.25580901019901764,6277.010781948948,Critical
2020-06-06,2,P2-INV11,8220.43761904762,8434.677210520376,0.5500206800122035,0.9746001434168055,214.23959147275673,Normal
2020-06-06,2,P2-INV12,3401.837261904762,8434.677210520376,0.5500206800122035,0.4033156429106415,5032.839948615614,Critical
2020-06-06,2,P2-INV13,2551.1789285714285,8434.677210520376,0.5500206800122035,0.3024631369875545,5883.498281948948,Critical
2020-06-06,2,P2-INV14,8338.073571428571,8434.677210520376,0.5500206800122035,0.988546848127002,96.60363909180523,Normal
2020-06-06,2,P2-INV15,8340.468452380952,8434.677210520376,0.5500206800122035,0.988830780860005,94.20875813942439,Normal
2020-06-06,2,P2-INV16,8315.119404761905,8434.677210520376,0.5500206800122035,0.9858254438463454,119.55780575847166,Normal
2020-06-06,2,P2-INV17,2554.4916666666663,8434.677210520376,0.5500206800122035,0.3028558891952034,5880.1855438537095,Critical
2020-06-06,2,P2-INV18,3557.6255952380952,8434.677210520376,0.5500206800122035,0.42178562456435814,4877.051615282281,Critical
2020-06-06,2,P2-INV19,2307.200714285714,8434.677210520376,0.5500206800122035,0.27353752333379117,6127.476496234662,Critical
2020-06-06,2,P2-INV20,8201.999047619047,8434.677210520376,0.5500206800122035,0.9724140999004544,232.67816290132942,Normal
2020-06-06,2,P2-INV21,8108.462261904762,8434.677210520376,0.5500206800122035,0.9613245485898697,326.21494861561405,Normal
2020-06-06,2,P2-INV22,2305.179642857143,8434.677210520376,0.5500206800122035,0.2732979087785299,6129.497567663233,Critical
2020-06-07,1,P1-INV01,5279.616517895,8122.104636680628,0.5280965189778467,0.6500305960171295,2842.488118785628,Critical
2020-06-07,1,P1-INV02,8195.8415176675,8122.104636680628,0.5280965189778467,1.009078543590028,0.0,Normal
2020-06-07,1,P1-INV03,8240.3111606325,8122.104636680628,0.5280965189778467,1.0145536814950689,0.0,Normal
2020-06-07,1,P1-INV04,8017.1151786475,8122.104636680628,0.5280965189778467,0.9870736142010558,104.98945803312745,Normal
2020-06-07,1,P1-INV05,6989.6232140175,8122.104636680628,0.5280965189778467,0.8605679841221604,1132.481422663128,Warning
2020-06-07,1,P1-INV06,8179.1437501175,8122.104636680628,0.5280965189778467,1.007022701133309,0.0,Normal
2020-06-07,1,P1-INV07,8110.30178571,8122.104636680628,0.5280965189778467,0.998546823576081,11.802850970627333,Normal
2020-06-07,1,P1-INV08,8117.3558038175,8122.104636680628,0.5280965189778467,0.9994153199108416,4.748832863127973,Normal
2020-06-07,1,P1-INV09,8164.11294645,8122.104636680628,0.5280965189778467,1.0051720965991569,0.0,Normal
2020-06-07,1,P1-INV10,7983.0571426275,8122.104636680628,0.5280965189778467,0.9828803616460235,139.0474940531276,Normal
2020-06-07,1,P1-INV11,8332.9629462525,8122.104636680628,0.5280965189778467,1.0259610432275899,0.0,Normal
2020-06-07,1,P1-INV12,5087.6973213775,8122.104636680628,0.5280965189778467,0.6264013514921619,3034.4073153031277,Critical
2020-06-07,1,P1-INV13,8187.1017853975,8122.104636680628,0.5280965189778467,1.0080025007832742,0.0,Normal
2020-06-07,1,P1-INV14,7985.41741085,8122.104636680628,0.5280965189778467,0.98317095975182,136.68722583062754,Normal
2020-06-07,1,P1-INV15,8167.9401786025,8122.104636680628,0.5280965189778467,1.005643308473874,0.0,Normal
2020-06-07,1,P1-INV16,8083.1754466075,8122.104636680628,0.5280965189778467,0.9952070070733492,38.92919007312776,Normal
2020-06-07,1,P1-INV17,6788.8116073225,8122.104636680628,0.5280965189778467,0.8358438989647118,1333.2930293581276,Warning
2020-06-07,1,P1-INV18,8243.1571430475,8122.104636680628,0.5280965189778467,1.0149040811195882,0.0,Normal
2020-06-07,1,P1-INV19,6368.6830355175,8122.104636680628,0.5280965189778467,0.7841173341642982,1753.421601163128,Warning
2020-06-07,1,P1-INV20,6328.29776775,8122.104636680628,0.5280965189778467,0.7791450677907387,1793.8068689306274,Warning
2020-06-07,1,P1-INV21,8177.049553715,8122.104636680628,0.5280965189778467,1.0067648620021752,0.0,Normal
2020-06-07,1,P1-INV22,8216.895535784999,8122.104636680628,0.5280965189778467,1.0116707310905946,0.0,Normal
2020-06-07,2,P2-INV01,7769.34880952381,7857.820793637435,0.5407826525086207,0.9887409007615366,88.47198411362479,Normal
2020-06-07,2,P2-INV02,1844.1839285714286,7857.820793637435,0.5407826525086207,0.23469406811423912,6013.636865066006,Critical
2020-06-07,2,P2-INV03,1972.358095238095,7857.820793637435,0.5407826525086207,0.25100573645496416,5885.462698399339,Critical
2020-06-07,2,P2-INV04,2516.7990476190475,7857.820793637435,0.5407826525086207,0.3202922430678144,5341.021746018387,Critical
2020-06-07,2,P2-INV05,7832.737142857142,7857.820793637435,0.5407826525086207,0.9968078107863438,25.083650780292373,Normal
2020-06-07,2,P2-INV06,1996.372619047619,7857.820793637435,0.5407826525086207,0.2540618667028019,5861.448174589816,Critical
2020-06-07,2,P2-INV07,7671.301428571429,7857.820793637435,0.5407826525086207,0.976263219795362,186.51936506600578,Normal
2020-06-07,2,P2-INV08,7789.9857142857145,7857.820793637435,0.5407826525086207,0.9913671893094524,67.8350793517202,Normal
2020-06-07,2,P2-INV09,7754.899761904762,7857.820793637435,0.5407826525086207,0.9869020897223809,102.92103173267242,Normal
2020-06-07,2,P2-INV10,7520.317619047619,7857.820793637435,0.5407826525086207,0.9570487564614485,337.5031745898159,Normal
2020-06-07,2,P2-INV11,7652.732261904761,7857.820793637435,0.5407826525086207,0.9739000752093079,205.0885317326738,Normal
2020-06-07,2,P2-INV12,2544.777857142857,7857.820793637435,0.5407826525086207,0.32385287524034556,5313.042936494578,Critical
2020-06-07,2,P2-INV13,1840.1253571428572,7857.820793637435,0.5407826525086207,0.23417756722485034,6017.695436494578,Critical
2020-06-07,2,P2-INV14,1901.5983333333331,7857.820793637435,0.5407826525086207,0.2420007255539702,5956.222460304101,Critical
2020-06-07,2,P2-INV15,7515.0236904761905,7857.820793637435,0.5407826525086207,0.9563750418641755,342.7971031612442,Normal
2020-06-07,2,P2-INV16,7783.780119047619,7857.820793637435,0.5407826525086207,0.9905774544197079,74.04067458981535,Normal
2020-06-07,2,P2-INV17,7654.313809523809,7857.820793637435,0.5407826525086207,0.9741013457219071,203.50698411362555,Normal
2020-06-07,2,P2-INV18,2729.371666666667,7857.820793637435,0.5407826525086207,0.34734460588318194,5128.449126970768,Critical
2020-06-07,2,P2-INV19,3004.6936904761906,7857.820793637435,0.5407826525086207,0.3823825675572959,4853.127103161244,Critical
2020-06-07,2,P2-INV20,1865.4959523809523,7857.820793637435,0.5407826525086207,0.23740627349143228,5992.324841256483,Critical
2020-06-07,2,P2-INV21,7690.7375,7857.820793637435,0.5407826525086207,0.9787366881956988,167.0832936374345,Normal
2020-06-07,2,P2-INV22,7650.922261904761,7857.820793637435,0.5407826525086207,0.9736697314476551,206.8985317326733,Normal
2020-06-08,1,P1-INV01,7717.15163684,8248.074562676835,0.5367654934416335,0.9356306830397362,530.922925836835,Normal
2020-06-08,1,P1-INV02,8424.0111601925,8248.074562676835,0.5367654934416335,1.0213306264606035,0.0,Normal
2020-06-08,1,P1-INV03,8518.706755925,8248.074562676835,0.5367654934416335,1.032811559981865,0.0,Normal
2020-06-08,1,P1-INV04,8228.29511894,8248.074562676835,0.5367654934416335,0.9976019319919416,19.779443736835674,Normal
2020-06-08,1,P1-INV05,8409.5843747775,8248.074562676835,0.5367654934416335,1.0195815169799154,0.0,Normal
2020-06-08,1,P1-INV06,8429.390267825,8248.074562676835,0.5367654934416335,1.0219827917134299,0.0,Normal
2020-06-08,1,P1-INV07,8317.7410119575,8248.074562676835,0.5367654934416335,1.0084463893665452,0.0,Normal
2020-06-08,1,P1-INV08,8353.6877972275,8248.074562676835,0.5367654934416335,1.012804592604991,0.0,Normal
2020-06-08,1,P1-INV09,8454.91755954,8248.074562676835,0.5367654934416335,1.0250777312076136,0.0,Normal
2020-06-08,1,P1-INV10,8240.970238034999,8248.074562676835,0.5367654934416335,0.9991386687174261,7.104324641835774,Normal
2020-06-08,1,P1-INV11,8587.074999735,8248.074562676835,0.5367654934416335,1.0411005543757046,0.0,Normal
2020-06-08,1,P1-INV12,7536.970535825,8248.074562676835,0.5367654934416335,0.91378545120462,711.1040268518345,Normal
2020-06-08,1,P1-INV13,8415.64910689,8248.074562676835,0.5367654934416335,1.0203168076306501,0.0,Normal
2020-06-08,1,P1-INV14,8251.0147318725,8248.074562676835,0.5367654934416335,1.0003564673395375,0.0,Normal
2020-06-08,1,P1-INV15,8275.50327379,8248.074562676835,0.5367654934416335,1.0033254683750414,0.0,Normal
2020-06-08,1,P1-INV16,8272.914881265,8248.074562676835,0.5367654934416335,1.0030116505857707,0.0,Normal
2020-06-08,1,P1-INV17,8247.0809524025,8248.074562676835,0.5367654934416335,0.9998795342759351,0.9936102743340598,Normal
2020-06-08,1,P1-INV18,8363.67604168,8248.074562676835,0.5367654934416335,1.014015571528205,0.0,Normal
2020-06-08,1,P1-INV19,8420.0675594425,8248.074562676835,0.5367654934416335,1.0208525026609174,0.0,Normal
2020-06-08,1,P1-INV20,7840.698511625,8248.074562676835,0.5367654934416335,0.9506095576663137,407.376051051835,Normal
2020-06-08,1,P1-INV21,8286.1333330425,8248.074562676835,0.5367654934416335,1.004614261192289,0.0,Normal
2020-06-08,1,P1-INV22,8334.8928575025,8248.074562676835,0.5367654934416335,1.0105258862739341,0.0,Normal
2020-06-08,2,P2-INV01,9206.661923076923,8952.37526674918,0.5615405247181784,1.0284043785867882,0.0,Normal
2020-06-08,2,P2-INV02,9072.138278388278,8952.37526674918,0.5615405247181784,1.0133777917112032,0.0,Normal
2020-06-08,2,P2-INV03,3265.459587912088,8952.37526674918,0.5615405247181784,0.36475901541355443,5686.915678837093,Critical
2020-06-08,2,P2-INV04,3174.7064285714287,8952.37526674918,0.5615405247181784,0.3546216879851865,5777.668838177752,Critical
2020-06-08,2,P2-INV05,9261.542582417582,8952.37526674918,0.5615405247181784,1.0345346688958301,0.0,Normal
2020-06-08,2,P2-INV06,2711.8411721611724,8952.37526674918,0.5615405247181784,0.3029186211879952,6240.534094588009,Critical
2020-06-08,2,P2-INV07,2820.265943223443,8952.37526674918,0.5615405247181784,0.31502990649849605,6132.109323525738,Critical
2020-06-08,2,P2-INV08,9100.600155677655,8952.37526674918,0.5615405247181784,1.0165570459807478,0.0,Normal
2020-06-08,2,P2-INV09,9156.020164835165,8952.37526674918,0.5615405247181784,1.022747582850147,0.0,Normal
2020-06-08,2,P2-INV10,8808.628186813186,8952.37526674918,0.5615405247181784,0.9839431351286291,143.7470799359944,Normal
2020-06-08,2,P2-INV11,9050.059862637363,8952.37526674918,0.5615405247181784,1.0109115841301919,0.0,Normal
2020-06-08,2,P2-INV12,2998.3963461538465,8952.37526674918,0.5615405247181784,0.3349274641435619,5953.978920595335,Critical
2020-06-08,2,P2-INV13,9091.94874084249,8952.37526674918,0.5615405247181784,1.0155906639226477,0.0,Normal
2020-06-08,2,P2-INV14,3595.66836996337,8952.37526674918,0.5615405247181784,0.40164406236614814,5356.70689678581,Critical
2020-06-08,2,P2-INV15,9080.269377289378,8952.37526674918,0.5615405247181784,1.014286053335501,0.0,Normal
2020-06-08,2,P2-INV16,4401.234468864469,8952.37526674918,0.5615405247181784,0.4916275667320927,4551.140797884712,Critical
2020-06-08,2,P2-INV17,9039.168507326007,8952.37526674918,0.5615405247181784,1.0096949957961652,0.0,Normal
2020-06-08,2,P2-INV18,2773.5501465201464,8952.37526674918,0.5615405247181784,0.3098116492973253,6178.825120229034,Critical
2020-06-08,2,P2-INV19,3445.389413919414,8952.37526674918,0.5615405247181784,0.3848575725725265,5506.985852829766,Critical
2020-06-08,2,P2-INV20,8991.316675824175,8952.37526674918,0.5615405247181784,1.0043498410103104,0.0,Normal
2020-06-08,2,P2-INV21,8970.792857142857,8952.37526674918,0.5615405247181784,1.0020572853399121,0.0,Normal
2020-06-08,2,P2-INV22,9040.121112637362,8952.37526674918,0.5615405247181784,1.0098014039038428,0.0,Normal
2020-06-09,1,P1-INV01,7343.2299106,8012.7848113908,0.5247934433234042,0.9164391760728461,669.5549007908003,Normal
2020-06-09,1,P1-INV02,8107.60982119,8012.7848113908,0.5247934433234042,1.011834213950735,0.0,Normal
2020-06-09,1,P1-INV03,8238.57946409,8012.7848113908,0.5247934433234042,1.0281792982108062,0.0,Normal
2020-06-09,1,P1-INV04,7885.4522324025,8012.7848113908,0.5247934433234042,0.9841088233385119,127.33257898830016,Normal
2020-06-09,1,P1-INV05,8164.9325892425,8012.7848113908,0.5247934433234042,1.0189881272782229,0.0,Normal
2020-06-09,1,P1-INV06,8101.0303572925,8012.7848113908,0.5247934433234042,1.011013093197792,0.0,Normal
2020-06-09,1,P1-INV07,7956.6459823275,8012.7848113908,0.5247934433234042,0.992993842916698,56.13882906330036,Normal
2020-06-09,1,P1-INV08,7992.63794655,8012.7848113908,0.5247934433234042,0.99748566006513,20.146864840799935,Normal
2020-06-09,1,P1-INV09,8098.6834819225005,8012.7848113908,0.5247934433234042,1.0107202018466275,0.0,Normal
2020-06-09,1,P1-INV10,7995.4084821,8012.7848113908,0.5247934433234042,0.9978314244423363,17.37632929080064,Normal
2020-06-09,1,P1-INV11,8139.6616071725,8012.7848113908,0.5247934433234042,1.0158342946638645,0.0,Normal
2020-06-09,1,P1-INV12,7275.46026785,8012.7848113908,0.5247934433234042,0.9079814869740872,737.3245435408007,Normal
2020-06-09,1,P1-INV13,8238.6558034025,8012.7848113908,0.5247934433234042,1.0281888253994549,0.0,Normal
2020-06-09,1,P1-INV14,7856.5830356475,8012.7848113908,0.5247934433234042,0.9805059315306649,156.20177574330046,Normal
2020-06-09,1,P1-INV15,8234.63928546,8012.7848113908,0.5247934433234042,1.0276875617268313,0.0,Normal
2020-06-09,1,P1-INV16,8164.8290176,8012.7848113908,0.5247934433234042,1.0189752014796476,0.0,Normal
2020-06-09,1,P1-INV17,8131.552678525,8012.7848113908,0.5247934433234042,1.0148222958596569,0.0,Normal
2020-06-09,1,P1-INV18,8236.70669639,8012.7848113908,0.5247934433234042,1.0279455757604867,0.0,Normal
2020-06-09,1,P1-INV19,7941.7017856925,8012.7848113908,0.5247934433234042,0.9911287988668747,71.08302569829993,Normal
2020-06-09,1,P1-INV20,7684.127231925,8012.7848113908,0.5247934433234042,0.9589833513314138,328.65757946580015,Normal
2020-06-09,1,P1-INV21,8061.446428565,8012.7848113908,0.5247934433234042,1.0060729968818112,0.0,Normal
2020-06-09,1,P1-INV22,8340.789285675,8012.7848113908,0.5247934433234042,1.040935140778761,0.0,Normal
2020-06-09,2,P2-INV01,8084.576071428572,7881.717388111388,0.5051785274381022,1.0257378783490982,0.0,Normal
2020-06-09,2,P2-INV02,4656.433095238095,7881.717388111388,0.5051785274381022,0.5907891473325038,3225.2842928732925,Critical
2020-06-09,2,P2-INV03,3753.629761904762,7881.717388111388,0.5051785274381022,0.47624516042235365,4128.087626206626,Critical
2020-06-09,2,P2-INV04,3845.8890476190472,7881.717388111388,0.5051785274381022,0.4879506404809824,4035.8283404923404,Critical
2020-06-09,2,P2-INV05,8128.519404761904,7881.717388111388,0.5051785274381022,1.0313132283863398,0.0,Normal
2020-06-09,2,P2-INV06,3297.345714285714,7881.717388111388,0.5051785274381022,0.41835371048184994,4584.3716738256735,Critical
2020-06-09,2,P2-INV07,3401.3670238095237,7881.717388111388,0.5051785274381022,0.4315515079162915,4480.350364301864,Critical
2020-06-09,2,P2-INV08,8020.2491666666665,7881.717388111388,0.5051785274381022,1.0175763443084418,0.0,Normal
2020-06-09,2,P2-INV09,8034.996666666666,7881.717388111388,0.5051785274381022,1.0194474466677126,0.0,Normal
2020-06-09,2,P2-INV10,6424.865595238095,7881.717388111388,0.5051785274381022,0.8151606152396714,1456.8517928732927,Warning
2020-06-09,2,P2-INV11,8070.721785714286,7881.717388111388,0.5051785274381022,1.0239801033576754,0.0,Normal
2020-06-09,2,P2-INV12,3752.92630952381,7881.717388111388,0.5051785274381022,0.4761559092672674,4128.791078587577,Critical
2020-06-09,2,P2-INV13,7745.0767857142855,7881.717388111388,0.5051785274381022,0.9826636003717657,136.64060239710216,Normal
2020-06-09,2,P2-INV14,4012.6240476190474,7881.717388111388,0.5051785274381022,0.5091052939390599,3869.0933404923403,Critical
2020-06-09,2,P2-INV15,8010.421428571429,7881.717388111388,0.5051785274381022,1.0163294411766368,0.0,Normal
2020-06-09,2,P2-INV16,8070.313452380952,7881.717388111388,0.5051785274381022,1.0239282956978435,0.0,Normal
2020-06-09,2,P2-INV17,7844.302023809523,7881.717388111388,0.5051785274381022,0.995252891919431,37.41536430186443,Normal
2020-06-09,2,P2-INV18,3562.8170238095236,7881.717388111388,0.5051785274381022,0.45203562223426075,4318.900364301864,Critical
2020-06-09,2,P2-INV19,3342.3985714285714,7881.717388111388,0.5051785274381022,0.4240698323528034,4539.318816682817,Critical
2020-06-09,2,P2-INV20,7815.308571428572,7881.717388111388,0.5051785274381022,0.9915743215072662,66.408816682816,Normal
2020-06-09,2,P2-INV21,7943.931785714286,7881.717388111388,0.5051785274381022,1.0078935077901603,0.0,Normal
2020-06-09,2,P2-INV22,6978.0404761904765,7881.717388111388,0.5051785274381022,0.8853451770189074,903.6769119209112,Warning
2020-06-10,1,P1-INV01,5899.5979465225,6398.379088246151,0.4161351187200828,0.9220457033188431,498.78114172365076,Normal
2020-06-10,1,P1-INV02,6542.8946430725,6398.379088246151,0.4161351187200828,1.0225862758103572,0.0,Normal
2020-06-10,1,P1-INV03,6574.650446465,6398.379088246151,0.4161351187200828,1.0275493770824957,0.0,Normal
2020-06-10,1,P1-INV04,6285.8041963825,6398.379088246151,0.4161351187200828,0.9824057170869336,112.57489186365092,Normal
2020-06-10,1,P1-INV05,6535.4787501075,6398.379088246151,0.4161351187200828,1.0214272489907954,0.0,Normal
2020-06-10,1,P1-INV06,6387.869375182499,6398.379088246151,0.4161351187200828,0.998357441327139,10.509713063651361,Normal
2020-06-10,1,P1-INV07,6400.4446427775,6398.379088246151,0.4161351187200828,1.0003228246565046,0.0,Normal
2020-06-10,1,P1-INV08,6372.308035615,6398.379088246151,0.4161351187200828,0.9959253660541866,26.07105263115045,Normal
2020-06-10,1,P1-INV09,6366.3638393325,6398.379088246151,0.4161351187200828,0.9949963500955323,32.015248913650794,Normal
2020-06-10,1,P1-INV10,6372.7406249925,6398.379088246151,0.4161351187200828,0.9959929752676348,25.638463253651025,Normal
2020-06-10,1,P1-INV11,6583.008839315,6398.379088246151,0.4161351187200828,1.028855706816124,0.0,Normal
2020-06-10,1,P1-INV12,5863.009464175,6398.379088246151,0.4161351187200828,0.9163273046677358,535.3696240711506,Normal
2020-06-10,1,P1-INV13,6524.8815178025,6398.379088246151,0.4161351187200828,1.0197710119721939,0.0,Normal
2020-06-10,1,P1-INV14,6212.28526784,6398.379088246151,0.4161351187200828,0.9709154743975696,186.09382040615037,Normal
2020-06-10,1,P1-INV15,6566.4576784724995,6398.379088246151,0.4161351187200828,1.0262689327887917,0.0,Normal
2020-06-10,1,P1-INV16,6539.8924107825,6398.379088246151,0.4161351187200828,1.0221170581774859,0.0,Normal
2020-06-10,1,P1-INV17,6427.883839415,6398.379088246151,0.4161351187200828,1.0046112852586446,0.0,Normal
2020-06-10,1,P1-INV18,6603.6592859175,6398.379088246151,0.4161351187200828,1.0320831565057547,0.0,Normal
2020-06-10,1,P1-INV19,6385.3095535150005,6398.379088246151,0.4161351187200828,0.9979573678660023,13.06953473115027,Normal
2020-06-10,1,P1-INV20,6362.75839279,6398.379088246151,0.4161351187200828,0.9944328563586383,35.620695456151225,Normal
2020-06-10,1,P1-INV21,6479.4208928475,6398.379088246151,0.4161351187200828,1.0126659898520585,0.0,Normal
2020-06-10,1,P1-INV22,6557.5941964825,6398.379088246151,0.4161351187200828,1.0248836628840619,0.0,Normal
2020-06-10,2,P2-INV01,5521.356428571428,6011.915468416175,0.4494852277922043,0.9184022060153845,490.5590398447466,Normal
2020-06-10,2,P2-INV02,5480.642976190476,6011.915468416175,0.4494852277922043,0.911630079461902,531.2724922256994,Normal
2020-06-10,2,P2-INV03,3666.4719047619046,6011.915468416175,0.4494852277922043,0.6098675079554683,2345.4435636542703,Critical
2020-06-10,2,P2-INV04,2418.947380952381,6011.915468416175,0.4494852277922043,0.40235884780157216,3592.968087463794,Critical
2020-06-10,2,P2-INV05,5600.645595238095,6011.915468416175,0.4494852277922043,0.9315908755971867,411.26987317808016,Normal
2020-06-10,2,P2-INV06,2341.3675,6011.915468416175,0.4494852277922043,0.3894544945451184,3670.547968416175,Critical
2020-06-10,2,P2-INV07,5435.51,6011.915468416175,0.4494852277922043,0.904122825504726,576.4054684161747,Normal
2020-06-10,2,P2-INV08,5517.898571428571,6011.915468416175,0.4494852277922043,0.9178270387228595,494.016896987604,Normal
2020-06-10,2,P2-INV09,2566.357261904762,6011.915468416175,0.4494852277922043,0.42687846750128416,3445.558206511413,Critical
2020-06-10,2,P2-INV10,3951.4615476190475,6011.915468416175,0.4494852277922043,0.6572716413559372,2060.4539207971275,Critical
2020-06-10,2,P2-INV11,5474.989404761905,6011.915468416175,0.4494852277922043,0.9106896850970324,536.9260636542704,Normal
2020-06-10,2,P2-INV12,2456.5913095238097,6011.915468416175,0.4494852277922043,0.4086204010069012,3555.324158892365,Critical
2020-06-10,2,P2-INV13,5383.295952380952,6011.915468416175,0.4494852277922043,0.8954377320609881,628.6195160352227,Warning
2020-06-10,2,P2-INV14,3484.6886904761905,6011.915468416175,0.4494852277922043,0.5796303538835724,2527.2267779399845,Critical
2020-06-10,2,P2-INV15,2590.420119047619,6011.915468416175,0.4494852277922043,0.43088099502670807,3421.4953493685557,Critical
2020-06-10,2,P2-INV16,5501.1164285714285,6011.915468416175,0.4494852277922043,0.9150355585456501,510.7990398447464,Normal
2020-06-10,2,P2-INV17,5416.817738095238,6011.915468416175,0.4494852277922043,0.901013623121066,595.0977303209365,Normal
2020-06-10,2,P2-INV18,5254.575952380952,6011.915468416175,0.4494852277922043,0.8740269187060372,757.3395160352229,Warning
2020-06-10,2,P2-INV19,2317.0008333333335,6011.915468416175,0.4494852277922043,0.3854014324562255,3694.9146350828414,Critical
2020-06-10,2,P2-INV20,5367.582023809524,6011.915468416175,0.4494852277922043,0.8928239347356627,644.333444606651,Warning
2020-06-10,2,P2-INV21,5522.65,6011.915468416175,0.4494852277922043,0.9186173739490268,489.2654684161753,Normal
2020-06-10,2,P2-INV22,3875.2538095238097,6011.915468416175,0.4494852277922043,0.6445955253167817,2136.6616588923653,Critical
2020-06-11,1,P1-INV01,5205.4080357475,5406.037023147938,0.34973410538993505,0.9628879738445425,200.62898740043784,Normal
2020-06-11,1,P1-INV02,5661.7879464325,5406.037023147938,0.34973410538993505,1.0473083928558886,0.0,Normal
2020-06-11,1,P1-INV03,5654.24062502,5406.037023147938,0.34973410538993505,1.045912301526846,0.0,Normal
2020-06-11,1,P1-INV04,5538.7290178475,5406.037023147938,0.34973410538993505,1.0245451509361463,0.0,Normal
2020-06-11,1,P1-INV05,5681.9049107,5406.037023147938,0.34973410538993505,1.0510295964254095,0.0,Normal
2020-06-11,1,P1-INV06,5686.1044643675,5406.037023147938,0.34973410538993505,1.0518064230822597,0.0,Normal
2020-06-11,1,P1-INV07,5576.702678595,5406.037023147938,0.34973410538993505,1.0315694573892658,0.0,Normal
2020-06-11,1,P1-INV08,5539.51651787,5406.037023147938,0.34973410538993505,1.0246908214188175,0.0,Normal
2020-06-11,1,P1-INV09,5635.7709820225,5406.037023147938,0.34973410538993505,1.0424958167860987,0.0,Normal
2020-06-11,1,P1-INV10,5509.470089225,5406.037023147938,0.34973410538993505,1.0191328815607765,0.0,Normal
2020-06-11,1,P1-INV11,5752.2575893675,5406.037023147938,0.34973410538993505,1.0640433213344804,0.0,Normal
2020-06-11,1,P1-INV12,5147.8571428525,5406.037023147938,0.34973410538993505,0.9522423025980129,258.1798802954381,Normal
2020-06-11,1,P1-INV13,5618.841517865,5406.037023147938,0.34973410538993505,1.0393642318404148,0.0,Normal
2020-06-11,1,P1-INV14,5467.4620535025,5406.037023147938,0.34973410538993505,1.0113623029386494,0.0,Normal
2020-06-11,1,P1-INV15,5600.289285775,5406.037023147938,0.34973410538993505,1.0359324699026846,0.0,Normal
2020-06-11,1,P1-INV16,5596.1419643075,5406.037023147938,0.34973410538993505,1.0351653050738567,0.0,Normal
2020-06-11,1,P1-INV17,5602.889732165,5406.037023147938,0.34973410538993505,1.036413496277248,0.0,Normal
2020-06-11,1,P1-INV18,5640.271428535,5406.037023147938,0.34973410538993505,1.043328302115598,0.0,Normal
2020-06-11,1,P1-INV19,5591.7352678925,5406.037023147938,0.34973410538993505,1.034350161486025,0.0,Normal
2020-06-11,1,P1-INV20,5533.0959821725,5406.037023147938,0.34973410538993505,1.0235031610920369,0.0,Normal
2020-06-11,1,P1-INV21,5604.5647321725,5406.037023147938,0.34973410538993505,1.0367233350741942,0.0,Normal
2020-06-11,1,P1-INV22,5617.867857165,5406.037023147938,0.34973410538993505,1.0391841256561931,0.0,Normal
2020-06-11,2,P2-INV01,3890.9659065934065,4048.435579182769,0.25333794056987985,0.9611035745760466,157.4696725893623,Normal
2020-06-11,2,P2-INV02,3850.8463919413916,4048.435579182769,0.25333794056987985,0.9511936936189896,197.5891872413772,Normal
2020-06-11,2,P2-INV03,3803.5510347985346,4048.435579182769,0.25333794056987985,0.9395113150266139,244.88454438423423,Normal
2020-06-11,2,P2-INV04,3267.8089285714286,4048.435579182769,0.25333794056987985,0.8071781962826934,780.6266506113402,Warning
2020-06-11,2,P2-INV05,3884.622957875458,4048.435579182769,0.25333794056987985,0.9595368091937432,163.81262130731102,Normal
2020-06-11,2,P2-INV06,3656.662472527473,4048.435579182769,0.25333794056987985,0.903228519018603,391.77310665529603,Normal
2020-06-11,2,P2-INV07,3760.128489010989,4048.435579182769,0.25333794056987985,0.9287855556713642,288.3070901717797,Normal
2020-06-11,2,P2-INV08,3903.7539743589746,4048.435579182769,0.25333794056987985,0.9642623423310097,144.68160482379426,Normal
2020-06-11,2,P2-INV09,3848.6235164835166,4048.435579182769,0.25333794056987985,0.9506446233881812,199.81206269925224,Normal
2020-06-11,2,P2-INV10,3789.997628205128,4048.435579182769,0.25333794056987985,0.9361635016976583,258.43795097764087,Normal
2020-06-11,2,P2-INV11,3850.7928571428574,4048.435579182769,0.25333794056987985,0.9511804700422556,197.6427220399114,Normal
2020-06-11,2,P2-INV12,3148.326465201465,4048.435579182769,0.25333794056987985,0.7776649531958212,900.1091139813038,Warning
2020-06-11,2,P2-INV13,3868.765989010989,4048.435579182769,0.25333794056987985,0.9556199952654184,179.66959017177987,Normal
2020-06-11,2,P2-INV14,3870.715457875458,4048.435579182769,0.25333794056987985,0.9561015316086156,177.72012130731082,Normal
2020-06-11,2,P2-INV15,3842.1160714285716,4048.435579182769,0.25333794056987985,0.949037225931147,206.31950775419728,Normal
2020-06-11,2,P2-INV16,3920.031501831502,4048.435579182769,0.25333794056987985,0.9682830380180615,128.404077351267,Normal
2020-06-11,2,P2-INV17,3881.776355311355,4048.435579182769,0.25333794056987985,0.9588336727578468,166.65922387141381,Normal
2020-06-11,2,P2-INV18,3752.6524542124544,4048.435579182769,0.25333794056987985,0.9269389078360926,295.7831249703145,Normal
2020-06-11,2,P2-INV19,3612.2930769230766,4048.435579182769,0.25333794056987985,0.8922688792425509,436.14250225969226,Warning
2020-06-11,2,P2-INV20,3860.345228937729,4048.435579182769,0.25333794056987985,0.9535399917903576,188.09035024503964,Normal
2020-06-11,2,P2-INV21,3820.602811355311,4048.435579182769,0.25333794056987985,0.9437232572011313,227.8327678274577,Normal
2020-06-11,2,P2-INV22,3905.841923076923,4048.435579182769,0.25333794056987985,0.9647780844435149,142.59365610584564,Normal
2020-06-12,1,P1-INV01,5415.3303571175,5641.987084280373,0.35949989011111105,0.9598267908492062,226.6567271628728,Normal
2020-06-12,1,P1-INV02,5854.36741072,5641.987084280373,0.35949989011111105,1.0376428239319013,0.0,Normal
2020-06-12,1,P1-INV03,5859.5977679475,5641.987084280373,0.35949989011111105,1.0385698656194076,0.0,Normal
2020-06-12,1,P1-INV04,5702.946428595,5641.987084280373,0.35949989011111105,1.0108045877106793,0.0,Normal
2020-06-12,1,P1-INV05,5923.90312514,5641.987084280373,0.35949989011111105,1.0499675090793983,0.0,Normal
2020-06-12,1,P1-INV06,5854.13883936,5641.987084280373,0.35949989011111105,1.0376023113684045,0.0,Normal
2020-06-12,1,P1-INV07,5757.43705353,5641.987084280373,0.35949989011111105,1.02046264330723,0.0,Normal
2020-06-12,1,P1-INV08,5737.7723214175,5641.987084280373,0.35949989011111105,1.0169772166625484,0.0,Normal
2020-06-12,1,P1-INV09,5842.2174106925,5641.987084280373,0.35949989011111105,1.0354893273276018,0.0,Normal
2020-06-12,1,P1-INV10,5713.2687499575,5641.987084280373,0.35949989011111105,1.0126341419454383,0.0,Normal
2020-06-12,1,P1-INV11,5937.217410755,5641.987084280373,0.35949989011111105,1.052327366593446,0.0,Normal
2020-06-12,1,P1-INV12,5338.80491071,5641.987084280373,0.35949989011111105,0.9462632280008058,303.1821735703734,Normal
2020-06-12,1,P1-INV13,5848.7316964575,5641.987084280373,0.35949989011111105,1.0366439357426316,0.0,Normal
2020-06-12,1,P1-INV14,5674.666071475,5641.987084280373,0.35949989011111105,1.0057921059914647,0.0,Normal
2020-06-12,1,P1-INV15,5802.3299107425,5641.987084280373,0.35949989011111105,1.0284195663809426,0.0,Normal
2020-06-12,1,P1-INV16,5807.431250035,5641.987084280373,0.35949989011111105,1.0293237406047215,0.0,Normal
2020-06-12,1,P1-INV17,5812.2464285275,5641.987084280373,0.35949989011111105,1.0301771949676208,0.0,Normal
2020-06-12,1,P1-INV18,5831.587500005,5641.987084280373,0.35949989011111105,1.033605255186225,0.0,Normal
2020-06-12,1,P1-INV19,5819.296428625,5641.987084280373,0.35949989011111105,1.0314267547401241,0.0,Normal
2020-06-12,1,P1-INV20,5769.8107144,5641.987084280373,0.35949989011111105,1.0226557821225375,0.0,Normal
2020-06-12,1,P1-INV21,5804.290178625,5641.987084280373,0.35949989011111105,1.0287670091973153,0.0,Normal
2020-06-12,1,P1-INV22,5825.06607141,5641.987084280373,0.35949989011111105,1.0324493807580168,0.0,Normal
2020-06-12,2,P2-INV01,4534.512142857143,4679.875019048793,0.28219237838333333,0.9689387268677112,145.36287619164978,Normal
2020-06-12,2,P2-INV02,4733.349166666667,4679.875019048793,0.28219237838333333,1.0114264050642838,0.0,Normal
2020-06-12,2,P2-INV03,4656.712380952381,4679.875019048793,0.28219237838333333,0.995050586179731,23.162638096411683,Normal
2020-06-12,2,P2-INV04,3709.728452380952,4679.875019048793,0.28219237838333333,0.7926981890074005,970.1465666678405,Warning
2020-06-12,2,P2-INV05,4759.245119047619,4679.875019048793,0.28219237838333333,1.016959875995782,0.0,Normal
2020-06-12,2,P2-INV06,4457.174642857143,4679.875019048793,0.28219237838333333,0.9524131787098634,222.7003761916494,Normal
2020-06-12,2,P2-INV07,4590.023571428572,4679.875019048793,0.28219237838333333,0.9808004600006426,89.85144762022082,Normal
2020-06-12,2,P2-INV08,4530.007380952381,4679.875019048793,0.28219237838333333,0.9679761451990927,149.8676380964116,Normal
2020-06-12,2,P2-INV09,4702.1241666666665,4679.875019048793,0.28219237838333333,1.004754218334317,0.0,Normal
2020-06-12,2,P2-INV10,4648.447976190476,4679.875019048793,0.28219237838333333,0.9932846405661695,31.42704285831678,Normal
2020-06-12,2,P2-INV11,4413.963333333333,4679.875019048793,0.28219237838333333,0.9431797463323054,265.9116857154595,Normal
2020-06-12,2,P2-INV12,3661.1314285714284,4679.875019048793,0.28219237838333333,0.7823139322459024,1018.7435904773643,Warning
2020-06-12,2,P2-INV13,4504.335714285714,4679.875019048793,0.28219237838333333,0.9624905998453869,175.5393047630787,Normal
2020-06-12,2,P2-INV14,4772.500952380952,4679.875019048793,0.28219237838333333,1.019792394659075,0.0,Normal
2020-06-12,2,P2-INV15,4698.197261904762,4679.875019048793,0.28219237838333333,1.0039151137116678,0.0,Normal
2020-06-12,2,P2-INV16,4564.470119047619,4679.875019048793,0.28219237838333333,0.9753401747842766,115.4049000011737,Normal
2020-06-12,2,P2-INV17,4694.9897619047615,4679.875019048793,0.28219237838333333,1.0032297321604629,0.0,Normal
2020-06-12,2,P2-INV18,4602.589642857142,4679.875019048793,0.28219237838333333,0.9834855897054792,77.28537619165036,Normal
2020-06-12,2,P2-INV19,4407.793571428571,4679.875019048793,0.28219237838333333,0.9418613859317287,272.0814476202213,Normal
2020-06-12,2,P2-INV20,4738.991904761905,4679.875019048793,0.28219237838333333,1.0126321505323295,0.0,Normal
2020-06-12,2,P2-INV21,4676.505952380952,4679.875019048793,0.28219237838333333,0.9992800947345545,3.369066667840343,Normal
2020-06-12,2,P2-INV22,4773.523571428571,4679.875019048793,0.28219237838333333,1.0200109088380769,0.0,Normal
2020-06-13,1,P1-INV01,7928.003571175,8264.917303888651,0.560771610418201,0.959235680125301,336.91373271365137,Normal
2020-06-13,1,P1-INV02,8711.399553285,8264.917303888651,0.560771610418201,1.0540213813375094,0.0,Normal
2020-06-13,1,P1-INV03,8525.979910665,8264.917303888651,0.560771610418201,1.0315868383405988,0.0,Normal
2020-06-13,1,P1-INV04,8379.746874975,8264.917303888651,0.560771610418201,1.013893614039226,0.0,Normal
2020-06-13,1,P1-INV05,8589.545535825,8264.917303888651,0.560771610418201,1.0392778560268972,0.0,Normal
2020-06-13,1,P1-INV06,8627.466964075,8264.917303888651,0.560771610418201,1.0438660965205022,0.0,Normal
2020-06-13,1,P1-INV07,8241.442857165,8264.917303888651,0.560771610418201,0.9971597481425971,23.474446723650544,Normal
2020-06-13,1,P1-INV08,8229.820535875,8264.917303888651,0.560771610418201,0.995753524600042,35.096768013650944,Normal
2020-06-13,1,P1-INV09,8578.78214255,8264.917303888651,0.560771610418201,1.0379755570589528,0.0,Normal
2020-06-13,1,P1-INV10,8254.47098195,8264.917303888651,0.560771610418201,0.9987360645539991,10.446321938650726,Normal
2020-06-13,1,P1-INV11,8803.0794645475,8264.917303888651,0.560771610418201,1.0651140405731154,0.0,Normal
2020-06-13,1,P1-INV12,7893.9754462850005,8264.917303888651,0.560771610418201,0.9551185034326815,370.94185760365053,Normal
2020-06-13,1,P1-INV13,8455.27723244,8264.917303888651,0.560771610418201,1.0230322847225324,0.0,Normal
2020-06-13,1,P1-INV14,8329.21250005,8264.917303888651,0.560771610418201,1.0077792909229832,0.0,Normal
2020-06-13,1,P1-INV15,8186.362946315,8264.917303888651,0.560771610418201,0.9904954454248814,78.55435757365103,Normal
2020-06-13,1,P1-INV16,8364.1803572825,8264.917303888651,0.560771610418201,1.012010168976179,0.0,Normal
2020-06-13,1,P1-INV17,8388.6138396,8264.917303888651,0.560771610418201,1.0149664577591297,0.0,Normal
2020-06-13,1,P1-INV18,8309.550446095,8264.917303888651,0.560771610418201,1.005400313223382,0.0,Normal
2020-06-13,1,P1-INV19,8520.095535575,8264.917303888651,0.560771610418201,1.0308748681086364,0.0,Normal
2020-06-13,1,P1-INV20,8350.7767856,8264.917303888651,0.560771610418201,1.0103884259883582,0.0,Normal
2020-06-13,1,P1-INV21,8535.36830364,8264.917303888651,0.560771610418201,1.0327227714213307,0.0,Normal
2020-06-13,1,P1-INV22,8239.324107185,8264.917303888651,0.560771610418201,0.996903393492926,25.593196703650392,Normal
2020-06-13,2,P2-INV01,6298.353928571429,7110.310909944955,0.43798584618838343,0.8858056994050895,811.9569813735261,Warning
2020-06-13,2,P2-INV02,6642.691071428571,7110.310909944955,0.43798584618838343,0.934233559623625,467.6198385163834,Normal
2020-06-13,2,P2-INV03,2736.5090476190476,7110.310909944955,0.43798584618838343,0.3848648930093315,4373.801862325907,Critical
2020-06-13,2,P2-INV04,5913.6641666666665,7110.310909944955,0.43798584618838343,0.8317026135095473,1196.6467432782883,Warning
2020-06-13,2,P2-INV05,3031.3441666666668,7110.310909944955,0.43798584618838343,0.4263307477070836,4078.966743278288,Critical
2020-06-13,2,P2-INV06,6182.5579761904755,7110.310909944955,0.43798584618838343,0.8695200610064938,927.7529337544793,Warning
2020-06-13,2,P2-INV07,2867.877142857143,7110.310909944955,0.43798584618838343,0.40334061044305936,4242.433767087812,Critical
2020-06-13,2,P2-INV08,3179.918452380952,7110.310909944955,0.43798584618838343,0.44722635798292676,3930.3924575640026,Critical
2020-06-13,2,P2-INV09,3944.8536904761904,7110.310909944955,0.43798584618838343,0.554807481759856,3165.4572194687644,Critical
2020-06-13,2,P2-INV10,6509.482619047619,7110.310909944955,0.43798584618838343,0.9154990128410591,600.828290897336,Normal
2020-06-13,2,P2-INV11,3497.6490476190475,7110.310909944955,0.43798584618838343,0.4919122513654083,3612.6618623259074,Critical
2020-06-13,2,P2-INV12,5513.706547619047,7110.310909944955,0.43798584618838343,0.7754522435730918,1596.6043623259075,Warning
2020-06-13,2,P2-INV13,3581.071904761905,7110.310909944955,0.43798584618838343,0.5036449109072262,3529.23900518305,Critical
2020-06-13,2,P2-INV14,6445.09238095238,7110.310909944955,0.43798584618838343,0.9064431165644029,665.2185289925746,Normal
2020-06-13,2,P2-INV15,5924.784880952381,7110.310909944955,0.43798584618838343,0.8332666399531956,1185.5260289925736,Warning
2020-06-13,2,P2-INV16,3443.487738095238,7110.310909944955,0.43798584618838343,0.48429496005286443,3666.823171849717,Critical
2020-06-13,2,P2-INV17,6424.273571428571,7110.310909944955,0.43798584618838343,0.9035151419951487,686.0373385163839,Normal
2020-06-13,2,P2-INV18,6384.977857142857,7110.310909944955,0.43798584618838343,0.8979885602769355,725.3330528020979,Warning
2020-06-13,2,P2-INV19,6081.05869047619,7110.310909944955,0.43798584618838343,0.8552451176179675,1029.2522194687645,Warning
2020-06-13,2,P2-INV20,6363.354761904761,7110.310909944955,0.43798584618838343,0.8949474703004265,746.9561480401935,Warning
2020-06-13,2,P2-INV21,2976.2082142857143,7110.310909944955,0.43798584618838343,0.4185763818179865,4134.10269565924,Critical
2020-06-13,2,P2-INV22,6674.2169047619045,7110.310909944955,0.43798584618838343,0.9386673788662181,436.0940051830503,Normal
2020-06-14,1,P1-INV01,3969.4964287,6893.529927326323,0.4761079715028138,0.5758292878318702,2924.033498626323,Critical
2020-06-14,1,P1-INV02,7443.9263393,6893.529927326323,0.4761079715028138,1.0798424635529436,0.0,Normal
2020-06-14,1,P1-INV03,7432.3950891975,6893.529927326323,0.4761079715028138,1.078169699348818,0.0,Normal
2020-06-14,1,P1-INV04,7295.160714375,6893.529927326323,0.4761079715028138,1.0582619922278993,0.0,Normal
2020-06-14,1,P1-INV05,7413.130803725,6893.529927326323,0.4761079715028138,1.0753751534955918,0.0,Normal
2020-06-14,1,P1-INV06,7474.52589295,6893.529927326323,0.4761079715028138,1.084281343774338,0.0,Normal
2020-06-14,1,P1-INV07,7361.018750135,6893.529927326323,0.4761079715028138,1.0678155934241362,0.0,Normal
2020-06-14,1,P1-INV08,7184.0339284225,6893.529927326323,0.4761079715028138,1.042141544920927,0.0,Normal
2020-06-14,1,P1-INV09,7353.16517855,6893.529927326323,0.4761079715028138,1.0666763263624428,0.0,Normal
2020-06-14,1,P1-INV10,7203.4808036025,6893.529927326323,0.4761079715028138,1.0449625778873484,0.0,Normal
2020-06-14,1,P1-INV11,7543.84687475,6893.529927326323,0.4761079715028138,1.0943372922551313,0.0,Normal
2020-06-14,1,P1-INV12,3927.675446325,6893.529927326323,0.4761079715028138,0.5697625871986838,2965.8544810013227,Critical
2020-06-14,1,P1-INV13,7354.5053571,6893.529927326323,0.4761079715028138,1.0668707374354531,0.0,Normal
2020-06-14,1,P1-INV14,7134.951785875,6893.529927326323,0.4761079715028138,1.0350215145351973,0.0,Normal
2020-06-14,1,P1-INV15,7192.98526775,6893.529927326323,0.4761079715028138,1.0434400580806389,0.0,Normal
2020-06-14,1,P1-INV16,7269.0535714,6893.529927326323,0.4761079715028138,1.0544747970970694,0.0,Normal
2020-06-14,1,P1-INV17,7270.66339265,6893.529927326323,0.4761079715028138,1.0547083235003738,0.0,Normal
2020-06-14,1,P1-INV18,7264.2450893975,6893.529927326323,0.4761079715028138,1.0537772615741672,0.0,Normal
2020-06-14,1,P1-INV19,7295.382143,6893.529927326323,0.4761079715028138,1.0582941134527775,0.0,Normal
2020-06-14,1,P1-INV20,7200.334375275,6893.529927326323,0.4761079715028138,1.0445061457893274,0.0,Normal
2020-06-14,1,P1-INV21,7287.071874825,6893.529927326323,0.4761079715028138,1.0570885963573837,0.0,Normal
2020-06-14,1,P1-INV22,7274.5558035,6893.529927326323,0.4761079715028138,1.055272970479648,0.0,Normal
2020-06-14,2,P2-INV01,2138.8952380952383,7458.137364176188,0.4665130722888889,0.28678678517896894,5319.24212608095,Critical
2020-06-14,2,P2-INV02,7486.396071428571,7458.137364176188,0.4665130722888889,1.0037889765061339,0.0,Normal
2020-06-14,2,P2-INV03,7456.634642857143,7458.137364176188,0.4665130722888889,0.9997985125178489,1.502721319045122,Normal
2020-06-14,2,P2-INV04,2024.0720238095237,7458.137364176188,0.4665130722888889,0.2713910893531925,5434.065340366665,Critical
2020-06-14,2,P2-INV05,7532.865833333333,7458.137364176188,0.4665130722888889,1.0100197228219594,0.0,Normal
2020-06-14,2,P2-INV06,7240.057738095238,7458.137364176188,0.4665130722888889,0.9707595052984065,218.07962608095022,Normal
2020-06-14,2,P2-INV07,7418.578452380952,7458.137364176188,0.4665130722888889,0.9946958724593555,39.55891179523678,Normal
2020-06-14,2,P2-INV08,3279.6134523809524,7458.137364176188,0.4665130722888889,0.4397362628548492,4178.523911795236,Critical
2020-06-14,2,P2-INV09,6278.003214285714,7458.137364176188,0.4665130722888889,0.841765565279203,1180.134149890474,Warning
2020-06-14,2,P2-INV10,7198.230833333333,7458.137364176188,0.4665130722888889,0.9651512813251109,259.9065308428553,Normal
2020-06-14,2,P2-INV11,2082.2034523809525,7458.137364176188,0.4665130722888889,0.2791854521723399,5375.933911795236,Critical
2020-06-14,2,P2-INV12,2254.9859523809523,7458.137364176188,0.4665130722888889,0.302352429604256,5203.151411795236,Critical
2020-06-14,2,P2-INV13,3293.535119047619,7458.137364176188,0.4665130722888889,0.44160290407998093,4164.60224512857,Critical
2020-06-14,2,P2-INV14,7563.854642857143,7458.137364176188,0.4665130722888889,1.0141747561782313,0.0,Normal
2020-06-14,2,P2-INV15,5906.9675,7458.137364176188,0.4665130722888889,0.7920164528442514,1551.1698641761886,Warning
2020-06-14,2,P2-INV16,3332.790238095238,7458.137364176188,0.4665130722888889,0.44686629856184895,4125.347126080951,Critical
2020-06-14,2,P2-INV17,3347.512976190476,7458.137364176188,0.4665130722888889,0.4488403488342341,4110.624387985712,Critical
2020-06-14,2,P2-INV18,7420.539523809523,7458.137364176188,0.4665130722888889,0.9949588163195734,37.59784036666497,Normal
2020-06-14,2,P2-INV19,7224.138333333333,7458.137364176188,0.4665130722888889,0.9686250038827621,233.99903084285506,Normal
2020-06-14,2,P2-INV20,7430.339642857143,7458.137364176188,0.4665130722888889,0.9962728332877634,27.797721319045195,Normal
2020-06-14,2,P2-INV21,7609.738571428572,7458.137364176188,0.4665130722888889,1.0203269529441188,0.0,Normal
2020-06-14,2,P2-INV22,7487.668452380953,7458.137364176188,0.4665130722888889,1.0039595795522098,0.0,Normal
2020-06-15,1,P1-INV01,6216.7758928925,6684.5893602537635,0.4274757169745342,0.9300161248284212,467.81346736126306,Normal
2020-06-15,1,P1-INV02,6920.4696429275,6684.5893602537635,0.4274757169745342,1.0352871762140348,0.0,Normal
2020-06-15,1,P1-INV03,6667.508482175,6684.5893602537635,0.4274757169745342,0.9974447378652269,17.080878078763817,Normal
2020-06-15,1,P1-INV04,6761.6330358475,6684.5893602537635,0.4274757169745342,1.0115255659609899,0.0,Normal
2020-06-15,1,P1-INV05,6941.2843751225,6684.5893602537635,0.4274757169745342,1.038401014787091,0.0,Normal
2020-06-15,1,P1-INV06,6943.1892858500005,6684.5893602537635,0.4274757169745342,1.0386859852803911,0.0,Normal
2020-06-15,1,P1-INV07,6567.82276785,6684.5893602537635,0.4274757169745342,0.98253197225576,116.76659240376375,Normal
2020-06-15,1,P1-INV08,6477.25758925,6684.5893602537635,0.4274757169745342,0.9689836189135943,207.3317710037636,Normal
2020-06-15,1,P1-INV09,6684.51249996,6684.5893602537635,0.4274757169745342,0.9999885018675612,0.07686029376327497,Normal
2020-06-15,1,P1-INV10,6525.94821425,6684.5893602537635,0.4274757169745342,0.9762676302979753,158.64114600376342,Normal
2020-06-15,1,P1-INV11,6977.27098204,6684.5893602537635,0.4274757169745342,1.0437845327532767,0.0,Normal
2020-06-15,1,P1-INV12,6126.25714296,6684.5893602537635,0.4274757169745342,0.9164747171137274,558.3322172937633,Normal
2020-06-15,1,P1-INV13,6755.81250011,6684.5893602537635,0.4274757169745342,1.0106548264998483,0.0,Normal
2020-06-15,1,P1-INV14,6514.269642935,6684.5893602537635,0.4274757169745342,0.9745205414813547,170.31971731876365,Normal
2020-06-15,1,P1-INV15,6773.1004465,6684.5893602537635,0.4274757169745342,1.0132410656027009,0.0,Normal
2020-06-15,1,P1-INV16,6691.185714325,6684.5893602537635,0.4274757169745342,1.0009868001930617,0.0,Normal
2020-06-15,1,P1-INV17,6776.64017845,6684.5893602537635,0.4274757169745342,1.0137706017879822,0.0,Normal
2020-06-15,1,P1-INV18,6844.814285725,6684.5893602537635,0.4274757169745342,1.0239692996586935,0.0,Normal
2020-06-15,1,P1-INV19,6866.9075894025,6684.5893602537635,0.4274757169745342,1.0272744097390323,0.0,Normal
2020-06-15,1,P1-INV20,6779.0174106525,6684.5893602537635,0.4274757169745342,1.0141262305445717,0.0,Normal
2020-06-15,1,P1-INV21,6785.3977679849995,6684.5893602537635,0.4274757169745342,1.0150807180962584,0.0,Normal
2020-06-15,1,P1-INV22,6810.753571425,6684.5893602537635,0.4274757169745342,1.0188738910308242,0.0,Normal
2020-06-15,2,P2-INV01,2463.9444047619045,6001.92843888537,0.37567215666331616,0.41052545525176043,3537.984034123466,Critical
2020-06-15,2,P2-INV02,6247.978809523809,6001.92843888537,0.37567215666331616,1.0409952189773415,0.0,Normal
2020-06-15,2,P2-INV03,6179.627261904762,6001.92843888537,0.37567215666331616,1.0296069546361324,0.0,Normal
2020-06-15,2,P2-INV04,2174.199642857143,6001.92843888537,0.37567215666331616,0.36225017758807493,3827.7287960282274,Critical
2020-06-15,2,P2-INV05,6248.956666666667,6001.92843888537,0.37567215666331616,1.0411581428030443,0.0,Normal
2020-06-15,2,P2-INV06,5546.390833333334,6001.92843888537,0.37567215666331616,0.924101460023966,455.53760555203644,Normal
2020-06-15,2,P2-INV07,6094.25380952381,6001.92843888537,0.37567215666331616,1.0153826177000513,0.0,Normal
2020-06-15,2,P2-INV08,2609.7138095238092,6001.92843888537,0.37567215666331616,0.434812550015752,3392.214629361561,Critical
2020-06-15,2,P2-INV09,6254.308928571429,6001.92843888537,0.37567215666331616,1.0420498998373477,0.0,Normal
2020-06-15,2,P2-INV10,2820.5817857142856,6001.92843888537,0.37567215666331616,0.4699459206211564,3181.3466531710847,Critical
2020-06-15,2,P2-INV11,2199.522976190476,6001.92843888537,0.37567215666331616,0.36646937706557425,3802.405462694894,Critical
2020-06-15,2,P2-INV12,2101.4641666666666,6001.92843888537,0.37567215666331616,0.35013149324668286,3900.4642722187036,Critical
2020-06-15,2,P2-INV13,2530.9426190476192,6001.92843888537,0.37567215666331616,0.4216882365091386,3470.985819837751,Critical
2020-06-15,2,P2-INV14,6339.4551190476195,6001.92843888537,0.37567215666331616,1.0562363719592984,0.0,Normal
2020-06-15,2,P2-INV15,6277.330238095238,6001.92843888537,0.37567215666331616,1.0458855519545336,0.0,Normal
2020-06-15,2,P2-INV16,2671.3796428571427,6001.92843888537,0.37567215666331616,0.4450868866662545,3330.5487960282276,Critical
2020-06-15,2,P2-INV17,2755.538095238095,6001.92843888537,0.37567215666331616,0.459108788666236,3246.390343647275,Critical
2020-06-15,2,P2-INV18,5998.66119047619,6001.92843888537,0.37567215666331616,0.9994556335613713,3.267248409179956,Normal
2020-06-15,2,P2-INV19,3646.190238095238,6001.92843888537,0.37567215666331616,0.6075031175767199,2355.7382007901324,Critical
2020-06-15,2,P2-INV20,6243.716071428571,6001.92843888537,0.37567215666331616,1.040284990900042,0.0,Normal
2020-06-15,2,P2-INV21,6173.398214285714,6001.92843888537,0.37567215666331616,1.0285691136017923,0.0,Normal
2020-06-15,2,P2-INV22,6225.619047619048,6001.92843888537,0.37567215666331616,1.0372697893704343,0.0,Normal
2020-06-16,1,P1-INV01,5776.2026784750005,6032.529197369472,0.39629975599301587,0.9575092783626734,256.3265188944715,Normal
2020-06-16,1,P1-INV02,6273.66160709,6032.529197369472,0.39629975599301587,1.0399720253033629,0.0,Normal
2020-06-16,1,P1-INV03,6280.116518025,6032.529197369472,0.39629975599301587,1.0410420426582419,0.0,Normal
2020-06-16,1,P1-INV04,6110.46874999,6032.529197369472,0.39629975599301587,1.0129198798829708,0.0,Normal
2020-06-16,1,P1-INV05,6307.04866065,6032.529197369472,0.39629975599301587,1.0455065287376037,0.0,Normal
2020-06-16,1,P1-INV06,6287.5589288025,6032.529197369472,0.39629975599301587,1.0422757558379057,0.0,Normal
2020-06-16,1,P1-INV07,6216.357589375,6032.529197369472,0.39629975599301587,1.0304728557444343,0.0,Normal
2020-06-16,1,P1-INV08,6206.941071375,6032.529197369472,0.39629975599301587,1.028911898856881,0.0,Normal
2020-06-16,1,P1-INV09,6213.2843750975,6032.529197369472,0.39629975599301587,1.0299634153129085,0.0,Normal
2020-06-16,1,P1-INV10,6191.482589125,6032.529197369472,0.39629975599301587,1.0263493779399926,0.0,Normal
2020-06-16,1,P1-INV11,6349.137053500001,6032.529197369472,0.39629975599301587,1.0524834353505637,0.0,Normal
2020-06-16,1,P1-INV12,5677.20044638,6032.529197369472,0.39629975599301587,0.9410978812759969,355.3287509894717,Normal
2020-06-16,1,P1-INV13,6231.0593750175,6032.529197369472,0.39629975599301587,1.0329099406157203,0.0,Normal
2020-06-16,1,P1-INV14,6027.5767858025,6032.529197369472,0.39629975599301587,0.9991790488856429,4.952411566971932,Normal
2020-06-16,1,P1-INV15,6245.454166675,6032.529197369472,0.39629975599301587,1.0352961357233672,0.0,Normal
2020-06-16,1,P1-INV16,6183.6174107775005,6032.529197369472,0.39629975599301587,1.0250455834468089,0.0,Normal
2020-06-16,1,P1-INV17,6189.09642844,6032.529197369472,0.39629975599301587,1.025953828974222,0.0,Normal
2020-06-16,1,P1-INV18,6275.414632825,6032.529197369472,0.39629975599301587,1.0402626207862267,0.0,Normal
2020-06-16,1,P1-INV19,6232.389285915,6032.529197369472,0.39629975599301587,1.0331303972192423,0.0,Normal
2020-06-16,1,P1-INV20,6184.3151785575,6032.529197369472,0.39629975599301587,1.025161250981465,0.0,Normal
2020-06-16,1,P1-INV21,5652.94642855,6032.529197369472,0.39629975599301587,0.9370773424544729,379.5827688194722,Normal
2020-06-16,1,P1-INV22,6202.0174106975,6032.529197369472,0.39629975599301587,1.0280957137185402,0.0,Normal
2020-06-16,2,P2-INV01,5172.131071428571,5571.88570181687,0.3493683270225542,0.9282550555087754,399.7546303882991,Normal
2020-06-16,2,P2-INV02,5469.539523809523,5571.88570181687,0.3493683270225542,0.9816316802812424,102.34617800734668,Normal
2020-06-16,2,P2-INV03,5361.5526190476185,5571.88570181687,0.3493683270225542,0.9622510054898171,210.33308276925163,Normal
2020-06-16,2,P2-INV04,4570.083333333333,5571.88570181687,0.3493683270225542,0.8202040705614491,1001.8023684835371,Warning
2020-06-16,2,P2-INV05,5561.10630952381,5571.88570181687,0.3493683270225542,0.9980653960131405,10.779392293060482,Normal
2020-06-16,2,P2-INV06,5147.7794047619045,5571.88570181687,0.3493683270225542,0.923884602134485,424.1062970549656,Normal
2020-06-16,2,P2-INV07,5298.513214285715,5571.88570181687,0.3493683270225542,0.9509371688220355,273.37248753115546,Normal
2020-06-16,2,P2-INV08,5485.033809523809,5571.88570181687,0.3493683270225542,0.9844124777604931,86.8518922930607,Normal
2020-06-16,2,P2-INV09,5555.877261904761,5571.88570181687,0.3493683270225542,0.9971269260051604,16.00843991210877,Normal
2020-06-16,2,P2-INV10,5380.340357142857,5571.88570181687,0.3493683270225542,0.9656228869498249,191.545344674013,Normal
2020-06-16,2,P2-INV11,5160.91,5571.88570181687,0.3493683270225542,0.92624118228361,410.97570181687024,Normal
2020-06-16,2,P2-INV12,4394.377619047619,5571.88570181687,0.3493683270225542,0.7886697348466263,1177.508082769251,Warning
2020-06-16,2,P2-INV13,5349.476785714285,5571.88570181687,0.3493683270225542,0.9600837260480662,222.40891610258495,Normal
2020-06-16,2,P2-INV14,5542.859404761904,5571.88570181687,0.3493683270225542,0.9947905792386408,29.026297054965653,Normal
2020-06-16,2,P2-INV15,5552.340952380952,5571.88570181687,0.3493683270225542,0.9964922558570172,19.544749435917765,Normal
2020-06-16,2,P2-INV16,5590.122023809524,5571.88570181687,0.3493683270225542,1.0032729174589328,0.0,Normal
2020-06-16,2,P2-INV17,5500.360833333333,5571.88570181687,0.3493683270225542,0.9871632563352449,71.52486848353692,Normal
2020-06-16,2,P2-INV18,5229.652857142857,5571.88570181687,0.3493683270225542,0.9385786315461535,342.232844674013,Normal
2020-06-16,2,P2-INV19,5121.767023809523,5571.88570181687,0.3493683270225542,0.9192160962920376,450.1186780073467,Normal
2020-06-16,2,P2-INV20,5486.109404761904,5571.88570181687,0.3493683270225542,0.9846055174773244,85.77629705496565,Normal
2020-06-16,2,P2-INV21,5451.635119047619,5571.88570181687,0.3493683270225542,0.9784183328222185,120.2505827692512,Normal
2020-06-16,2,P2-INV22,5426.314642857143,5571.88570181687,0.3493683270225542,0.9738740048252856,145.57105895972745,Normal
2020-06-17,1,P1-INV01,5457.6759821425,5740.885535124261,0.38213845887646597,0.9506679672937198,283.2095529817607,Normal
2020-06-17,1,P1-INV02,6022.9221429375,5740.885535124261,0.38213845887646597,1.0491277183785785,0.0,Normal
2020-06-17,1,P1-INV03,6019.7276784925,5740.885535124261,0.38213845887646597,1.0485712773164015,0.0,Normal
2020-06-17,1,P1-INV04,5887.9276785824995,5740.885535124261,0.38213845887646597,1.0256131467103107,0.0,Normal
2020-06-17,1,P1-INV05,5990.1166073125,5740.885535124261,0.38213845887646597,1.0434133498505374,0.0,Normal
2020-06-17,1,P1-INV06,6024.77241094,5740.885535124261,0.38213845887646597,1.0494500149983559,0.0,Normal
2020-06-17,1,P1-INV07,5957.3554465675,5740.885535124261,0.38213845887646597,1.0377067109453444,0.0,Normal
2020-06-17,1,P1-INV08,5901.3803571925,5740.885535124261,0.38213845887646597,1.027956457429135,0.0,Normal
2020-06-17,1,P1-INV09,5900.3106250275005,5740.885535124261,0.38213845887646597,1.0277701216872963,0.0,Normal
2020-06-17,1,P1-INV10,5887.1855355625,5740.885535124261,0.38213845887646597,1.0254838734448086,0.0,Normal
2020-06-17,1,P1-INV11,6101.715000095,5740.885535124261,0.38213845887646597,1.0628525795825554,0.0,Normal
2020-06-17,1,P1-INV12,5406.59660714,5740.885535124261,0.38213845887646597,0.941770494126909,334.28892798426114,Normal
2020-06-17,1,P1-INV13,5928.2387500025,5740.885535124261,0.38213845887646597,1.0326348981758933,0.0,Normal
2020-06-17,1,P1-INV14,5753.441428735,5740.885535124261,0.38213845887646597,1.0021871004976355,0.0,Normal
2020-06-17,1,P1-INV15,5922.23312515,5740.885535124261,0.38213845887646597,1.031588783457919,0.0,Normal
2020-06-17,1,P1-INV16,5945.5215178225,5740.885535124261,0.38213845887646597,1.035645368897572,0.0,Normal
2020-06-17,1,P1-INV17,5884.1497321475,5740.885535124261,0.38213845887646597,1.0249550694133702,0.0,Normal
2020-06-17,1,P1-INV18,5966.1354463425,5740.885535124261,0.38213845887646597,1.03923609168657,0.0,Normal
2020-06-17,1,P1-INV19,5873.33178556,5740.885535124261,0.38213845887646597,1.023070700439052,0.0,Normal
2020-06-17,1,P1-INV20,5784.4027677525,5740.885535124261,0.38213845887646597,1.0075802299770635,0.0,Normal
2020-06-17,1,P1-INV21,5809.476607075,5740.885535124261,0.38213845887646597,1.0119478208598798,0.0,Normal
2020-06-17,1,P1-INV22,5906.88249996,5740.885535124261,0.38213845887646597,1.0289148710281935,0.0,Normal
2020-06-17,2,P2-INV01,4333.5824999999995,4211.7012533322095,0.2839801341731579,1.028938720801092,0.0,Normal
2020-06-17,2,P2-INV02,4207.7340476190475,4211.7012533322095,0.2839801341731579,0.9990580514916572,3.967205713162002,Normal
2020-06-17,2,P2-INV03,4087.9338095238095,4211.7012533322095,0.2839801341731579,0.9706134323486316,123.7674438084,Normal
2020-06-17,2,P2-INV04,3929.554761904762,4211.7012533322095,0.2839801341731579,0.933008901995549,282.1464914274475,Normal
2020-06-17,2,P2-INV05,4137.1711904761905,4211.7012533322095,0.2839801341731579,0.9823040480857819,74.53006285601896,Normal
2020-06-17,2,P2-INV06,3865.9323809523808,4211.7012533322095,0.2839801341731579,0.9179028018413548,345.76887237982874,Normal
2020-06-17,2,P2-INV07,4013.847261904762,4211.7012533322095,0.2839801341731579,0.9530227859179448,197.85399142744745,Normal
2020-06-17,2,P2-INV08,4331.459523809524,4211.7012533322095,0.2839801341731579,1.0284346546143472,0.0,Normal
2020-06-17,2,P2-INV09,4123.793452380952,4211.7012533322095,0.2839801341731579,0.9791277216346466,87.90780095125774,Normal
2020-06-17,2,P2-INV10,4154.819166666666,4211.7012533322095,0.2839801341731579,0.9864942731584916,56.882086665543284,Normal
2020-06-17,2,P2-INV11,4289.968452380952,4211.7012533322095,0.2839801341731579,1.0185832741547893,0.0,Normal
2020-06-17,2,P2-INV12,3617.189642857143,4211.7012533322095,0.2839801341731579,0.858842882076524,594.5116104750664,Warning
2020-06-17,2,P2-INV13,4212.783928571428,4211.7012533322095,0.2839801341731579,1.0002570636363066,0.0,Normal
2020-06-17,2,P2-INV14,4232.064642857143,4211.7012533322095,0.2839801341731579,1.0048349558290304,0.0,Normal
2020-06-17,2,P2-INV15,4115.156547619047,4211.7012533322095,0.2839801341731579,0.97707702899469,96.54470571316233,Normal
2020-06-17,2,P2-INV16,4359.669166666667,4211.7012533322095,0.2839801341731579,1.035132575753655,0.0,Normal
2020-06-17,2,P2-INV17,4282.948928571428,4211.7012533322095,0.2839801341731579,1.0169166023309106,0.0,Normal
2020-06-17,2,P2-INV18,4054.249523809524,4211.7012533322095,0.2839801341731579,0.9626156462550346,157.45172952268558,Normal
2020-06-17,2,P2-INV19,3833.9874999999997,4211.7012533322095,0.2839801341731579,0.9103180091338695,377.71375333220976,Normal
2020-06-17,2,P2-INV20,4225.122380952381,4211.7012533322095,0.2839801341731579,1.0031866285885194,0.0,Normal
2020-06-17,2,P2-INV21,4104.4117857142855,4211.7012533322095,0.2839801341731579,0.9745258599400803,107.28946761792395,Normal
2020-06-17,2,P2-INV22,4210.002142857143,4211.7012533322095,0.2839801341731579,0.9995965738373009,1.6991104750668455,Normal
